{"type":"FeatureCollection","crs":{"type":"name","properties":{"name":"EPSG:4326"}},"features":[{"type":"Feature","id":1,"geometry":{"type":"Point","coordinates":[-149.922270473829,61.2086076373449]},"properties":{"OBJECTID":1,"MarkerLocation":"Chester Creek","EmergencyLocatorID":"C01","Milepost":0,"Kilometers":0,"PostType":"MILE1","Sponsor":"AMS Couriers","InstallYear":null,"MaintainedBy":null,"OwnedBy":null,"POINT_X":-149.92224742,"POINT_Y":61.20860596,"PUBDATE":"Sun, 26 Apr 2026 00:00:00 GMT"}},{"type":"Feature","id":2,"geometry":{"type":"Point","coordinates":[-149.910654461464,61.2057607451675]},"properties":{"OBJECTID":2,"MarkerLocation":"Chester Creek","EmergencyLocatorID":"C02","Milepost":0.5,"Kilometers":0.8,"PostType":"MILE1","Sponsor":"REI","InstallYear":null,"MaintainedBy":null,"OwnedBy":null,"POINT_X":-149.91063141,"POINT_Y":61.20575906,"PUBDATE":"Sun, 26 Apr 2026 00:00:00 GMT"}},{"type":"Feature","id":3,"geometry":{"type":"Point","coordinates":[-149.908777517143,61.2060553187671]},"properties":{"OBJECTID":3,"MarkerLocation":"Chester Creek","EmergencyLocatorID":null,"Milepost":null,"Kilometers":0.9,"PostType":"MILE1","Sponsor":null,"InstallYear":null,"MaintainedBy":null,"OwnedBy":null,"POINT_X":-149.90875447,"POINT_Y":61.20605364,"PUBDATE":"Sun, 26 Apr 2026 00:00:00 GMT"}},{"type":"Feature","id":4,"geometry":{"type":"Point","coordinates":[-149.898299166516,61.2051761053613]},"properties":{"OBJECTID":4,"MarkerLocation":"Chester Creek","EmergencyLocatorID":"C05","Milepost":1,"Kilometers":1.6,"PostType":"MILE1","Sponsor":"South Addition Community Council","InstallYear":null,"MaintainedBy":null,"OwnedBy":null,"POINT_X":-149.89827612,"POINT_Y":61.20517442,"PUBDATE":"Sun, 26 Apr 2026 00:00:00 GMT"}},{"type":"Feature","id":5,"geometry":{"type":"Point","coordinates":[-149.883984291303,61.2032939654074]},"properties":{"OBJECTID":5,"MarkerLocation":"Chester Creek","EmergencyLocatorID":"C06","Milepost":1.5,"Kilometers":2.4,"PostType":"MILE1","Sponsor":null,"InstallYear":null,"MaintainedBy":null,"OwnedBy":null,"POINT_X":-149.88396124,"POINT_Y":61.20329228,"PUBDATE":"Sun, 26 Apr 2026 00:00:00 GMT"}},{"type":"Feature","id":6,"geometry":{"type":"Point","coordinates":[-149.880924137688,61.2025953206195]},"properties":{"OBJECTID":6,"MarkerLocation":"Chester Creek","EmergencyLocatorID":"C07","Milepost":1.70000005,"Kilometers":2.9,"PostType":"MILE1","Sponsor":null,"InstallYear":null,"MaintainedBy":null,"OwnedBy":null,"POINT_X":-149.88090109,"POINT_Y":61.20259363,"PUBDATE":"Sun, 26 Apr 2026 00:00:00 GMT"}},{"type":"Feature","id":7,"geometry":{"type":"Point","coordinates":[-149.872151016803,61.2019795572937]},"properties":{"OBJECTID":7,"MarkerLocation":"Chester Creek","EmergencyLocatorID":"C08","Milepost":2,"Kilometers":3.2,"PostType":"MILE1","Sponsor":"Kittelson and Associates","InstallYear":null,"MaintainedBy":null,"OwnedBy":null,"POINT_X":-149.87212797,"POINT_Y":61.20197787,"PUBDATE":"Sun, 26 Apr 2026 00:00:00 GMT"}},{"type":"Feature","id":8,"geometry":{"type":"Point","coordinates":[-149.858812533277,61.2008955207234]},"properties":{"OBJECTID":8,"MarkerLocation":"Chester Creek","EmergencyLocatorID":"C09","Milepost":2.5,"Kilometers":4,"PostType":"MILE1","Sponsor":null,"InstallYear":null,"MaintainedBy":null,"OwnedBy":null,"POINT_X":-149.85878949,"POINT_Y":61.20089383,"PUBDATE":"Sun, 26 Apr 2026 00:00:00 GMT"}},{"type":"Feature","id":9,"geometry":{"type":"Point","coordinates":[-149.843358862069,61.2003102607201]},"properties":{"OBJECTID":9,"MarkerLocation":"Chester Creek","EmergencyLocatorID":"C10","Milepost":3,"Kilometers":4.8,"PostType":"MILE1","Sponsor":"The Boutet Company","InstallYear":null,"MaintainedBy":null,"OwnedBy":null,"POINT_X":-149.84333582,"POINT_Y":61.20030857,"PUBDATE":"Sun, 26 Apr 2026 00:00:00 GMT"}},{"type":"Feature","id":10,"geometry":{"type":"Point","coordinates":[-149.829655264839,61.1995261025815]},"properties":{"OBJECTID":10,"MarkerLocation":"Chester Creek","EmergencyLocatorID":"C11","Milepost":3.5,"Kilometers":5.6,"PostType":"MILE1","Sponsor":"Accurate Vision Clinic","InstallYear":null,"MaintainedBy":null,"OwnedBy":null,"POINT_X":-149.82963222,"POINT_Y":61.19952441,"PUBDATE":"Sun, 26 Apr 2026 00:00:00 GMT"}},{"type":"Feature","id":11,"geometry":{"type":"Point","coordinates":[-149.818452421727,61.1984104987923]},"properties":{"OBJECTID":11,"MarkerLocation":"Chester Creek","EmergencyLocatorID":"C12","Milepost":4,"Kilometers":6.4,"PostType":"MILE1","Sponsor":null,"InstallYear":null,"MaintainedBy":null,"OwnedBy":null,"POINT_X":-149.81842938,"POINT_Y":61.1984088,"PUBDATE":"Sun, 26 Apr 2026 00:00:00 GMT"}},{"type":"Feature","id":12,"geometry":{"type":"Point","coordinates":[-149.803794567053,61.1985313735752]},"properties":{"OBJECTID":12,"MarkerLocation":"Chester Creek","EmergencyLocatorID":"C13","Milepost":4.5,"Kilometers":7.2,"PostType":"MILE1","Sponsor":null,"InstallYear":null,"MaintainedBy":null,"OwnedBy":null,"POINT_X":-149.80377152,"POINT_Y":61.19852967,"PUBDATE":"Sun, 26 Apr 2026 00:00:00 GMT"}},{"type":"Feature","id":13,"geometry":{"type":"Point","coordinates":[-149.797855689219,61.1959421276317]},"properties":{"OBJECTID":13,"MarkerLocation":"Chester Creek","EmergencyLocatorID":"C14","Milepost":4.9000001,"Kilometers":7.8,"PostType":"MILE1","Sponsor":null,"InstallYear":null,"MaintainedBy":null,"OwnedBy":null,"POINT_X":-149.79783265,"POINT_Y":61.19594043,"PUBDATE":"Sun, 26 Apr 2026 00:00:00 GMT"}},{"type":"Feature","id":14,"geometry":{"type":"Point","coordinates":[-149.797918702992,61.1948695695983]},"properties":{"OBJECTID":14,"MarkerLocation":"Chester Creek","EmergencyLocatorID":"C15","Milepost":5,"Kilometers":8,"PostType":"MILE1","Sponsor":null,"InstallYear":null,"MaintainedBy":null,"OwnedBy":null,"POINT_X":-149.79789566,"POINT_Y":61.19486787,"PUBDATE":"Sun, 26 Apr 2026 00:00:00 GMT"}},{"type":"Feature","id":15,"geometry":{"type":"Point","coordinates":[-149.79357095533,61.1897407194887]},"properties":{"OBJECTID":15,"MarkerLocation":"Chester Creek","EmergencyLocatorID":"C16","Milepost":5.4000001,"Kilometers":8.6,"PostType":"MILE1","Sponsor":null,"InstallYear":null,"MaintainedBy":null,"OwnedBy":null,"POINT_X":-149.79354792,"POINT_Y":61.18973902,"PUBDATE":"Sun, 26 Apr 2026 00:00:00 GMT"}},{"type":"Feature","id":16,"geometry":{"type":"Point","coordinates":[-149.79371352492,61.1883045073366]},"properties":{"OBJECTID":16,"MarkerLocation":"Chester Creek","EmergencyLocatorID":"C17","Milepost":5.5,"Kilometers":8.8,"PostType":"MILE1","Sponsor":null,"InstallYear":null,"MaintainedBy":null,"OwnedBy":null,"POINT_X":-149.79369049,"POINT_Y":61.18830281,"PUBDATE":"Sun, 26 Apr 2026 00:00:00 GMT"}},{"type":"Feature","id":17,"geometry":{"type":"Point","coordinates":[-149.793673302821,61.1849204667944]},"properties":{"OBJECTID":17,"MarkerLocation":"Chester Creek","EmergencyLocatorID":"C18","Milepost":5.69999981,"Kilometers":9.1,"PostType":"MILE1","Sponsor":null,"InstallYear":null,"MaintainedBy":null,"OwnedBy":null,"POINT_X":-149.79365027,"POINT_Y":61.18491876,"PUBDATE":"Sun, 26 Apr 2026 00:00:00 GMT"}},{"type":"Feature","id":18,"geometry":{"type":"Point","coordinates":[-149.80157988578,61.184635552178]},"properties":{"OBJECTID":18,"MarkerLocation":"Chester Creek","EmergencyLocatorID":"C19","Milepost":6,"Kilometers":9.6,"PostType":"MILE1","Sponsor":null,"InstallYear":null,"MaintainedBy":null,"OwnedBy":null,"POINT_X":-149.80155685,"POINT_Y":61.18463385,"PUBDATE":"Sun, 26 Apr 2026 00:00:00 GMT"}},{"type":"Feature","id":19,"geometry":{"type":"Point","coordinates":[-149.805143247419,61.1844788258759]},"properties":{"OBJECTID":19,"MarkerLocation":"Chester Creek","EmergencyLocatorID":"C20","Milepost":6.0999999,"Kilometers":9.8,"PostType":"MILE1","Sponsor":null,"InstallYear":null,"MaintainedBy":null,"OwnedBy":null,"POINT_X":-149.80512021,"POINT_Y":61.18447713,"PUBDATE":"Sun, 26 Apr 2026 00:00:00 GMT"}},{"type":"Feature","id":20,"geometry":{"type":"Point","coordinates":[-149.824619901431,61.1997770209523]},"properties":{"OBJECTID":20,"MarkerLocation":"Tikishla","EmergencyLocatorID":"T01","Milepost":0,"Kilometers":0,"PostType":"MILE1","Sponsor":null,"InstallYear":null,"MaintainedBy":null,"OwnedBy":null,"POINT_X":-149.82459686,"POINT_Y":61.19977533,"PUBDATE":"Sun, 26 Apr 2026 00:00:00 GMT"}},{"type":"Feature","id":21,"geometry":{"type":"Point","coordinates":[-149.824789018696,61.2024253231765]},"properties":{"OBJECTID":21,"MarkerLocation":"Tikishla","EmergencyLocatorID":"T02","Milepost":0.25,"Kilometers":0.4,"PostType":"MILE1","Sponsor":null,"InstallYear":null,"MaintainedBy":null,"OwnedBy":null,"POINT_X":-149.82476597,"POINT_Y":61.20242363,"PUBDATE":"Sun, 26 Apr 2026 00:00:00 GMT"}},{"type":"Feature","id":22,"geometry":{"type":"Point","coordinates":[-149.823011393508,61.2054275604969]},"properties":{"OBJECTID":22,"MarkerLocation":"Tikishla","EmergencyLocatorID":"T03","Milepost":0.5,"Kilometers":0.8,"PostType":"MILE1","Sponsor":null,"InstallYear":null,"MaintainedBy":null,"OwnedBy":null,"POINT_X":-149.82298834,"POINT_Y":61.20542586,"PUBDATE":"Sun, 26 Apr 2026 00:00:00 GMT"}},{"type":"Feature","id":23,"geometry":{"type":"Point","coordinates":[-149.922480848929,61.2086537642639]},"properties":{"OBJECTID":23,"MarkerLocation":"Chester Creek","EmergencyLocatorID":null,"Milepost":null,"Kilometers":null,"PostType":"UserCounter","Sponsor":null,"InstallYear":null,"MaintainedBy":null,"OwnedBy":null,"POINT_X":-149.9224578,"POINT_Y":61.20865208,"PUBDATE":"Sun, 26 Apr 2026 00:00:00 GMT"}},{"type":"Feature","id":24,"geometry":{"type":"Point","coordinates":[-150.029760901885,61.1460652202674]},"properties":{"OBJECTID":24,"MarkerLocation":"Kincaid","EmergencyLocatorID":"K3","Milepost":null,"Kilometers":null,"PostType":"STASpecific","Sponsor":null,"InstallYear":2011,"MaintainedBy":null,"OwnedBy":null,"POINT_X":-150.0297379,"POINT_Y":61.14606355,"PUBDATE":"Sun, 26 Apr 2026 00:00:00 GMT"}},{"type":"Feature","id":25,"geometry":{"type":"Point","coordinates":[-150.046480219003,61.1508951357747]},"properties":{"OBJECTID":25,"MarkerLocation":"Kincaid","EmergencyLocatorID":"K7","Milepost":null,"Kilometers":null,"PostType":"STASpecific","Sponsor":null,"InstallYear":2011,"MaintainedBy":null,"OwnedBy":null,"POINT_X":-150.04645721,"POINT_Y":61.15089347,"PUBDATE":"Sun, 26 Apr 2026 00:00:00 GMT"}},{"type":"Feature","id":26,"geometry":{"type":"Point","coordinates":[-150.050161161577,61.1531668814889]},"properties":{"OBJECTID":26,"MarkerLocation":"Kincaid","EmergencyLocatorID":"K8","Milepost":null,"Kilometers":null,"PostType":"STASpecific","Sponsor":null,"InstallYear":2011,"MaintainedBy":"STA","OwnedBy":null,"POINT_X":-150.05013815,"POINT_Y":61.15316522,"PUBDATE":"Sun, 26 Apr 2026 00:00:00 GMT"}},{"type":"Feature","id":27,"geometry":{"type":"Point","coordinates":[-150.045870911587,61.1519920343648]},"properties":{"OBJECTID":27,"MarkerLocation":"Kincaid","EmergencyLocatorID":"K9","Milepost":null,"Kilometers":null,"PostType":"STASpecific","Sponsor":null,"InstallYear":2011,"MaintainedBy":null,"OwnedBy":null,"POINT_X":-150.0458479,"POINT_Y":61.15199037,"PUBDATE":"Sun, 26 Apr 2026 00:00:00 GMT"}},{"type":"Feature","id":28,"geometry":{"type":"Point","coordinates":[-150.039342978069,61.1533903545835]},"properties":{"OBJECTID":28,"MarkerLocation":"Kincaid","EmergencyLocatorID":"K11","Milepost":null,"Kilometers":null,"PostType":"STASpecific","Sponsor":null,"InstallYear":2011,"MaintainedBy":null,"OwnedBy":null,"POINT_X":-150.03931997,"POINT_Y":61.15338869,"PUBDATE":"Sun, 26 Apr 2026 00:00:00 GMT"}},{"type":"Feature","id":29,"geometry":{"type":"Point","coordinates":[-150.03707525576,61.1527949840861]},"properties":{"OBJECTID":29,"MarkerLocation":"Kincaid","EmergencyLocatorID":"K12","Milepost":null,"Kilometers":null,"PostType":"STASpecific","Sponsor":null,"InstallYear":2011,"MaintainedBy":null,"OwnedBy":null,"POINT_X":-150.03705225,"POINT_Y":61.15279332,"PUBDATE":"Sun, 26 Apr 2026 00:00:00 GMT"}},{"type":"Feature","id":30,"geometry":{"type":"Point","coordinates":[-150.024675422977,61.1483197527545]},"properties":{"OBJECTID":30,"MarkerLocation":"Kincaid","EmergencyLocatorID":"K14","Milepost":null,"Kilometers":null,"PostType":"STASpecific","Sponsor":null,"InstallYear":2011,"MaintainedBy":null,"OwnedBy":null,"POINT_X":-150.02465242,"POINT_Y":61.14831809,"PUBDATE":"Sun, 26 Apr 2026 00:00:00 GMT"}},{"type":"Feature","id":31,"geometry":{"type":"Point","coordinates":[-150.020854465557,61.1503434467615]},"properties":{"OBJECTID":31,"MarkerLocation":"Kincaid","EmergencyLocatorID":"K15","Milepost":null,"Kilometers":null,"PostType":"STASpecific","Sponsor":null,"InstallYear":2011,"MaintainedBy":null,"OwnedBy":null,"POINT_X":-150.02083146,"POINT_Y":61.15034178,"PUBDATE":"Sun, 26 Apr 2026 00:00:00 GMT"}},{"type":"Feature","id":32,"geometry":{"type":"Point","coordinates":[-150.015571326827,61.1505988450752]},"properties":{"OBJECTID":32,"MarkerLocation":"Kincaid","EmergencyLocatorID":"K20","Milepost":null,"Kilometers":null,"PostType":"STASpecific","Sponsor":null,"InstallYear":2011,"MaintainedBy":null,"OwnedBy":null,"POINT_X":-150.01554832,"POINT_Y":61.15059718,"PUBDATE":"Sun, 26 Apr 2026 00:00:00 GMT"}},{"type":"Feature","id":33,"geometry":{"type":"Point","coordinates":[-150.015881380605,61.1496958977461]},"properties":{"OBJECTID":33,"MarkerLocation":"Kincaid","EmergencyLocatorID":"K19","Milepost":null,"Kilometers":null,"PostType":"STASpecific","Sponsor":null,"InstallYear":2011,"MaintainedBy":null,"OwnedBy":null,"POINT_X":-150.01585837,"POINT_Y":61.14969423,"PUBDATE":"Sun, 26 Apr 2026 00:00:00 GMT"}},{"type":"Feature","id":34,"geometry":{"type":"Point","coordinates":[-150.01365957447,61.1519688704858]},"properties":{"OBJECTID":34,"MarkerLocation":"Kincaid","EmergencyLocatorID":"K21","Milepost":null,"Kilometers":null,"PostType":"STASpecific","Sponsor":null,"InstallYear":2011,"MaintainedBy":null,"OwnedBy":null,"POINT_X":-150.01363656,"POINT_Y":61.1519672,"PUBDATE":"Sun, 26 Apr 2026 00:00:00 GMT"}},{"type":"Feature","id":35,"geometry":{"type":"Point","coordinates":[-150.015473487258,61.1540727967873]},"properties":{"OBJECTID":35,"MarkerLocation":"Kincaid","EmergencyLocatorID":"K25","Milepost":null,"Kilometers":null,"PostType":"STASpecific","Sponsor":null,"InstallYear":2011,"MaintainedBy":null,"OwnedBy":null,"POINT_X":-150.01545048,"POINT_Y":61.15407113,"PUBDATE":"Sun, 26 Apr 2026 00:00:00 GMT"}},{"type":"Feature","id":36,"geometry":{"type":"Point","coordinates":[-150.016924741617,61.1543982381538]},"properties":{"OBJECTID":36,"MarkerLocation":"Kincaid","EmergencyLocatorID":"K26","Milepost":null,"Kilometers":null,"PostType":"STASpecific","Sponsor":null,"InstallYear":2011,"MaintainedBy":null,"OwnedBy":null,"POINT_X":-150.01690173,"POINT_Y":61.15439657,"PUBDATE":"Sun, 26 Apr 2026 00:00:00 GMT"}},{"type":"Feature","id":37,"geometry":{"type":"Point","coordinates":[-150.012374135409,61.1563234741807]},"properties":{"OBJECTID":37,"MarkerLocation":"Kincaid","EmergencyLocatorID":"K22","Milepost":null,"Kilometers":null,"PostType":"STASpecific","Sponsor":null,"InstallYear":2011,"MaintainedBy":null,"OwnedBy":null,"POINT_X":-150.01235112,"POINT_Y":61.15632181,"PUBDATE":"Sun, 26 Apr 2026 00:00:00 GMT"}},{"type":"Feature","id":38,"geometry":{"type":"Point","coordinates":[-150.013304796389,61.1583249433139]},"properties":{"OBJECTID":38,"MarkerLocation":"Kincaid","EmergencyLocatorID":"K23","Milepost":null,"Kilometers":null,"PostType":"STASpecific","Sponsor":null,"InstallYear":2011,"MaintainedBy":null,"OwnedBy":null,"POINT_X":-150.01328178,"POINT_Y":61.15832328,"PUBDATE":"Sun, 26 Apr 2026 00:00:00 GMT"}},{"type":"Feature","id":39,"geometry":{"type":"Point","coordinates":[-150.011813746461,61.158947684577]},"properties":{"OBJECTID":39,"MarkerLocation":"Kincaid","EmergencyLocatorID":"K24","Milepost":null,"Kilometers":null,"PostType":"STASpecific","Sponsor":null,"InstallYear":2011,"MaintainedBy":null,"OwnedBy":null,"POINT_X":-150.01179073,"POINT_Y":61.15894602,"PUBDATE":"Sun, 26 Apr 2026 00:00:00 GMT"}},{"type":"Feature","id":40,"geometry":{"type":"Point","coordinates":[-150.018169817844,61.1553448599682]},"properties":{"OBJECTID":40,"MarkerLocation":"Kincaid","EmergencyLocatorID":"K27","Milepost":null,"Kilometers":null,"PostType":"STASpecific","Sponsor":null,"InstallYear":2011,"MaintainedBy":null,"OwnedBy":null,"POINT_X":-150.01814681,"POINT_Y":61.15534319,"PUBDATE":"Sun, 26 Apr 2026 00:00:00 GMT"}},{"type":"Feature","id":41,"geometry":{"type":"Point","coordinates":[-150.018040079243,61.1578337174943]},"properties":{"OBJECTID":41,"MarkerLocation":"Kincaid","EmergencyLocatorID":"K28","Milepost":null,"Kilometers":null,"PostType":"STASpecific","Sponsor":null,"InstallYear":null,"MaintainedBy":null,"OwnedBy":null,"POINT_X":-150.01801707,"POINT_Y":61.15783205,"PUBDATE":"Sun, 26 Apr 2026 00:00:00 GMT"}},{"type":"Feature","id":42,"geometry":{"type":"Point","coordinates":[-150.020765893459,61.1552100581247]},"properties":{"OBJECTID":42,"MarkerLocation":"Kincaid","EmergencyLocatorID":"K30","Milepost":null,"Kilometers":null,"PostType":"STASpecific","Sponsor":null,"InstallYear":null,"MaintainedBy":null,"OwnedBy":null,"POINT_X":-150.02074288,"POINT_Y":61.15520839,"PUBDATE":"Sun, 26 Apr 2026 00:00:00 GMT"}},{"type":"Feature","id":43,"geometry":{"type":"Point","coordinates":[-150.0194706154,61.1565116046769]},"properties":{"OBJECTID":43,"MarkerLocation":"Kincaid","EmergencyLocatorID":"K29","Milepost":null,"Kilometers":null,"PostType":null,"Sponsor":null,"InstallYear":null,"MaintainedBy":null,"OwnedBy":null,"POINT_X":-150.0194476,"POINT_Y":61.15650994,"PUBDATE":"Sun, 26 Apr 2026 00:00:00 GMT"}},{"type":"Feature","id":44,"geometry":{"type":"Point","coordinates":[-150.025963071149,61.1538118361628]},"properties":{"OBJECTID":44,"MarkerLocation":"Kincaid","EmergencyLocatorID":"K31","Milepost":null,"Kilometers":null,"PostType":"STASpecific","Sponsor":null,"InstallYear":null,"MaintainedBy":null,"OwnedBy":null,"POINT_X":-150.02594006,"POINT_Y":61.15381017,"PUBDATE":"Sun, 26 Apr 2026 00:00:00 GMT"}},{"type":"Feature","id":45,"geometry":{"type":"Point","coordinates":[-150.028924023576,61.1533768966953]},"properties":{"OBJECTID":45,"MarkerLocation":"Kincaid","EmergencyLocatorID":"K32","Milepost":null,"Kilometers":null,"PostType":"STASpecific","Sponsor":null,"InstallYear":null,"MaintainedBy":null,"OwnedBy":null,"POINT_X":-150.02890101,"POINT_Y":61.15337523,"PUBDATE":"Sun, 26 Apr 2026 00:00:00 GMT"}},{"type":"Feature","id":46,"geometry":{"type":"Point","coordinates":[-150.031218995146,61.1558081289448]},"properties":{"OBJECTID":46,"MarkerLocation":"Kincaid","EmergencyLocatorID":"K33","Milepost":null,"Kilometers":null,"PostType":"STASpecific","Sponsor":null,"InstallYear":null,"MaintainedBy":null,"OwnedBy":null,"POINT_X":-150.03119598,"POINT_Y":61.15580646,"PUBDATE":"Sun, 26 Apr 2026 00:00:00 GMT"}},{"type":"Feature","id":47,"geometry":{"type":"Point","coordinates":[-150.030267713455,61.1570819617324]},"properties":{"OBJECTID":47,"MarkerLocation":"Kincaid","EmergencyLocatorID":"K34","Milepost":null,"Kilometers":null,"PostType":"STASpecific","Sponsor":null,"InstallYear":null,"MaintainedBy":"Single track advocates","OwnedBy":null,"POINT_X":-150.0302447,"POINT_Y":61.1570803,"PUBDATE":"Sun, 26 Apr 2026 00:00:00 GMT"}},{"type":"Feature","id":48,"geometry":{"type":"Point","coordinates":[-150.050896200559,61.1583551836947]},"properties":{"OBJECTID":48,"MarkerLocation":"Kincaid","EmergencyLocatorID":"K39","Milepost":null,"Kilometers":null,"PostType":"STASpecific","Sponsor":null,"InstallYear":null,"MaintainedBy":null,"OwnedBy":null,"POINT_X":-150.05087319,"POINT_Y":61.15835352,"PUBDATE":"Sun, 26 Apr 2026 00:00:00 GMT"}},{"type":"Feature","id":49,"geometry":{"type":"Point","coordinates":[-150.050417227781,61.1600352641639]},"properties":{"OBJECTID":49,"MarkerLocation":"Kincaid","EmergencyLocatorID":"K40","Milepost":null,"Kilometers":null,"PostType":"STASpecific","Sponsor":null,"InstallYear":null,"MaintainedBy":"Single track advocates","OwnedBy":null,"POINT_X":-150.05039421,"POINT_Y":61.1600336,"PUBDATE":"Sun, 26 Apr 2026 00:00:00 GMT"}},{"type":"Feature","id":50,"geometry":{"type":"Point","coordinates":[-150.070400975175,61.1557383631786]},"properties":{"OBJECTID":50,"MarkerLocation":"Kincaid","EmergencyLocatorID":"K43","Milepost":null,"Kilometers":null,"PostType":"STASpecific","Sponsor":null,"InstallYear":null,"MaintainedBy":null,"OwnedBy":null,"POINT_X":-150.07037796,"POINT_Y":61.1557367,"PUBDATE":"Sun, 26 Apr 2026 00:00:00 GMT"}},{"type":"Feature","id":51,"geometry":{"type":"Point","coordinates":[-150.026227619129,61.1458187270123]},"properties":{"OBJECTID":51,"MarkerLocation":"Kincaid","EmergencyLocatorID":"K2","Milepost":null,"Kilometers":null,"PostType":"STASpecific","Sponsor":null,"InstallYear":2011,"MaintainedBy":null,"OwnedBy":null,"POINT_X":-150.02620461,"POINT_Y":61.14581706,"PUBDATE":"Sun, 26 Apr 2026 00:00:00 GMT"}},{"type":"Feature","id":52,"geometry":{"type":"Point","coordinates":[-150.015732777329,61.1459533761045]},"properties":{"OBJECTID":52,"MarkerLocation":"Kincaid","EmergencyLocatorID":"K1","Milepost":null,"Kilometers":null,"PostType":"STASpecific","Sponsor":null,"InstallYear":2011,"MaintainedBy":null,"OwnedBy":null,"POINT_X":-150.01570977,"POINT_Y":61.14595171,"PUBDATE":"Sun, 26 Apr 2026 00:00:00 GMT"}},{"type":"Feature","id":53,"geometry":{"type":"Point","coordinates":[-150.036343521862,61.1476980064412]},"properties":{"OBJECTID":53,"MarkerLocation":"Kincaid","EmergencyLocatorID":"K4","Milepost":null,"Kilometers":null,"PostType":"STASpecific","Sponsor":null,"InstallYear":2011,"MaintainedBy":null,"OwnedBy":null,"POINT_X":-150.03632052,"POINT_Y":61.14769634,"PUBDATE":"Sun, 26 Apr 2026 00:00:00 GMT"}},{"type":"Feature","id":54,"geometry":{"type":"Point","coordinates":[-150.040329593069,61.1479926535861]},"properties":{"OBJECTID":54,"MarkerLocation":"Kincaid","EmergencyLocatorID":"K5","Milepost":null,"Kilometers":null,"PostType":"STASpecific","Sponsor":null,"InstallYear":2011,"MaintainedBy":null,"OwnedBy":null,"POINT_X":-150.04030659,"POINT_Y":61.14799099,"PUBDATE":"Sun, 26 Apr 2026 00:00:00 GMT"}},{"type":"Feature","id":55,"geometry":{"type":"Point","coordinates":[-150.044272006126,61.1505114708527]},"properties":{"OBJECTID":55,"MarkerLocation":"Kincaid","EmergencyLocatorID":"K6","Milepost":null,"Kilometers":null,"PostType":"STASpecific","Sponsor":null,"InstallYear":2011,"MaintainedBy":null,"OwnedBy":null,"POINT_X":-150.044249,"POINT_Y":61.15050981,"PUBDATE":"Sun, 26 Apr 2026 00:00:00 GMT"}},{"type":"Feature","id":56,"geometry":{"type":"Point","coordinates":[-150.028784965932,61.1500114303908]},"properties":{"OBJECTID":56,"MarkerLocation":"Kincaid","EmergencyLocatorID":"K13","Milepost":null,"Kilometers":null,"PostType":"STASpecific","Sponsor":null,"InstallYear":2011,"MaintainedBy":null,"OwnedBy":null,"POINT_X":-150.02876196,"POINT_Y":61.15000976,"PUBDATE":"Sun, 26 Apr 2026 00:00:00 GMT"}},{"type":"Feature","id":57,"geometry":{"type":"Point","coordinates":[-150.029371361897,61.1486123951303]},"properties":{"OBJECTID":57,"MarkerLocation":"Kincaid","EmergencyLocatorID":"K17","Milepost":null,"Kilometers":null,"PostType":"STASpecific","Sponsor":null,"InstallYear":null,"MaintainedBy":"Single track advocates","OwnedBy":null,"POINT_X":-150.02934835,"POINT_Y":61.14861073,"PUBDATE":"Sun, 26 Apr 2026 00:00:00 GMT"}},{"type":"Feature","id":58,"geometry":{"type":"Point","coordinates":[-150.031714663185,61.1575299300918]},"properties":{"OBJECTID":58,"MarkerLocation":"Kincaid","EmergencyLocatorID":"K35","Milepost":null,"Kilometers":null,"PostType":"STASpecific","Sponsor":null,"InstallYear":null,"MaintainedBy":"Single track advocates","OwnedBy":null,"POINT_X":-150.03169165,"POINT_Y":61.15752827,"PUBDATE":"Sun, 26 Apr 2026 00:00:00 GMT"}},{"type":"Feature","id":59,"geometry":{"type":"Point","coordinates":[-150.036872668117,61.157149257334]},"properties":{"OBJECTID":59,"MarkerLocation":"Kincaid","EmergencyLocatorID":"K37","Milepost":null,"Kilometers":null,"PostType":"STASpecific","Sponsor":null,"InstallYear":null,"MaintainedBy":"Single track advocates","OwnedBy":null,"POINT_X":-150.03684966,"POINT_Y":61.15714759,"PUBDATE":"Sun, 26 Apr 2026 00:00:00 GMT"}},{"type":"Feature","id":60,"geometry":{"type":"Point","coordinates":[-150.035050341568,61.1574392615291]},"properties":{"OBJECTID":60,"MarkerLocation":"Kincaid","EmergencyLocatorID":"K36","Milepost":null,"Kilometers":null,"PostType":"STASpecific","Sponsor":null,"InstallYear":null,"MaintainedBy":"Single track advocates","OwnedBy":null,"POINT_X":-150.03502733,"POINT_Y":61.1574376,"PUBDATE":"Sun, 26 Apr 2026 00:00:00 GMT"}},{"type":"Feature","id":61,"geometry":{"type":"Point","coordinates":[-150.043772759171,61.159002724673]},"properties":{"OBJECTID":61,"MarkerLocation":"Kincaid","EmergencyLocatorID":"K38","Milepost":null,"Kilometers":null,"PostType":"STASpecific","Sponsor":null,"InstallYear":null,"MaintainedBy":"Single track advocates","OwnedBy":null,"POINT_X":-150.04374974,"POINT_Y":61.15900106,"PUBDATE":"Sun, 26 Apr 2026 00:00:00 GMT"}},{"type":"Feature","id":62,"geometry":{"type":"Point","coordinates":[-150.052923192682,61.162652337317]},"properties":{"OBJECTID":62,"MarkerLocation":"Kincaid","EmergencyLocatorID":"K41","Milepost":null,"Kilometers":null,"PostType":"STASpecific","Sponsor":null,"InstallYear":null,"MaintainedBy":"Single track advocates ","OwnedBy":null,"POINT_X":-150.05290018,"POINT_Y":61.16265068,"PUBDATE":"Sun, 26 Apr 2026 00:00:00 GMT"}},{"type":"Feature","id":63,"geometry":{"type":"Point","coordinates":[-150.053080847956,61.1618430907323]},"properties":{"OBJECTID":63,"MarkerLocation":"Kincaid","EmergencyLocatorID":"K44","Milepost":null,"Kilometers":null,"PostType":"STASpecific","Sponsor":null,"InstallYear":null,"MaintainedBy":"Single track advocates","OwnedBy":null,"POINT_X":-150.05305783,"POINT_Y":61.16184143,"PUBDATE":"Sun, 26 Apr 2026 00:00:00 GMT"}},{"type":"Feature","id":64,"geometry":{"type":"Point","coordinates":[-150.06249435947,61.1586623489642]},"properties":{"OBJECTID":64,"MarkerLocation":"Kincaid","EmergencyLocatorID":"K42","Milepost":null,"Kilometers":null,"PostType":"STASpecific","Sponsor":null,"InstallYear":null,"MaintainedBy":"Single track advocates","OwnedBy":null,"POINT_X":-150.06247135,"POINT_Y":61.15866069,"PUBDATE":"Sun, 26 Apr 2026 00:00:00 GMT"}},{"type":"Feature","id":65,"geometry":{"type":"Point","coordinates":[-149.722074754463,61.1430506781812]},"properties":{"OBJECTID":65,"MarkerLocation":"STA","EmergencyLocatorID":"F15","Milepost":0,"Kilometers":null,"PostType":"STASpecific","Sponsor":null,"InstallYear":null,"MaintainedBy":null,"OwnedBy":null,"POINT_X":-149.72205175,"POINT_Y":61.14304896,"PUBDATE":"Sun, 26 Apr 2026 00:00:00 GMT"}},{"type":"Feature","id":66,"geometry":{"type":"Point","coordinates":[-149.723800734306,61.1436161753077]},"properties":{"OBJECTID":66,"MarkerLocation":"STA","EmergencyLocatorID":"F16","Milepost":0,"Kilometers":null,"PostType":"STASpecific","Sponsor":null,"InstallYear":null,"MaintainedBy":null,"OwnedBy":null,"POINT_X":-149.72377773,"POINT_Y":61.14361446,"PUBDATE":"Sun, 26 Apr 2026 00:00:00 GMT"}},{"type":"Feature","id":67,"geometry":{"type":"Point","coordinates":[-149.729033308254,61.141603945154]},"properties":{"OBJECTID":67,"MarkerLocation":"STA","EmergencyLocatorID":"F10","Milepost":0,"Kilometers":null,"PostType":"STASpecific","Sponsor":null,"InstallYear":null,"MaintainedBy":null,"OwnedBy":null,"POINT_X":-149.7290103,"POINT_Y":61.14160223,"PUBDATE":"Sun, 26 Apr 2026 00:00:00 GMT"}},{"type":"Feature","id":68,"geometry":{"type":"Point","coordinates":[-149.729485929223,61.1382264174731]},"properties":{"OBJECTID":68,"MarkerLocation":"STA","EmergencyLocatorID":"F05","Milepost":0,"Kilometers":null,"PostType":"STASpecific","Sponsor":null,"InstallYear":null,"MaintainedBy":null,"OwnedBy":null,"POINT_X":-149.72946293,"POINT_Y":61.1382247,"PUBDATE":"Sun, 26 Apr 2026 00:00:00 GMT"}},{"type":"Feature","id":69,"geometry":{"type":"Point","coordinates":[-149.728173430032,61.1388166111772]},"properties":{"OBJECTID":69,"MarkerLocation":"STA","EmergencyLocatorID":"F07","Milepost":0,"Kilometers":null,"PostType":"STASpecific","Sponsor":null,"InstallYear":null,"MaintainedBy":null,"OwnedBy":null,"POINT_X":-149.72815043,"POINT_Y":61.1388149,"PUBDATE":"Sun, 26 Apr 2026 00:00:00 GMT"}},{"type":"Feature","id":70,"geometry":{"type":"Point","coordinates":[-149.744166571612,61.1391469268791]},"properties":{"OBJECTID":70,"MarkerLocation":"STA","EmergencyLocatorID":"F28","Milepost":0,"Kilometers":null,"PostType":"STASpecific","Sponsor":null,"InstallYear":null,"MaintainedBy":null,"OwnedBy":"Parks and Recreation ","POINT_X":-149.74414357,"POINT_Y":61.13914521,"PUBDATE":"Sun, 26 Apr 2026 00:00:00 GMT"}},{"type":"Feature","id":71,"geometry":{"type":"Point","coordinates":[-149.743323147015,61.1386046281453]},"properties":{"OBJECTID":71,"MarkerLocation":"STA","EmergencyLocatorID":"F03","Milepost":0,"Kilometers":null,"PostType":"STASpecific","Sponsor":null,"InstallYear":null,"MaintainedBy":null,"OwnedBy":null,"POINT_X":-149.74330014,"POINT_Y":61.13860292,"PUBDATE":"Sun, 26 Apr 2026 00:00:00 GMT"}},{"type":"Feature","id":72,"geometry":{"type":"Point","coordinates":[-149.745921558734,61.1385169225498]},"properties":{"OBJECTID":72,"MarkerLocation":"STA","EmergencyLocatorID":"F02","Milepost":0,"Kilometers":null,"PostType":"STASpecific","Sponsor":null,"InstallYear":null,"MaintainedBy":null,"OwnedBy":null,"POINT_X":-149.74589856,"POINT_Y":61.13851521,"PUBDATE":"Sun, 26 Apr 2026 00:00:00 GMT"}},{"type":"Feature","id":73,"geometry":{"type":"Point","coordinates":[-149.746624890405,61.1385366384016]},"properties":{"OBJECTID":73,"MarkerLocation":"STA","EmergencyLocatorID":"F01","Milepost":0,"Kilometers":null,"PostType":"STASpecific","Sponsor":null,"InstallYear":null,"MaintainedBy":null,"OwnedBy":null,"POINT_X":-149.74660189,"POINT_Y":61.13853493,"PUBDATE":"Sun, 26 Apr 2026 00:00:00 GMT"}},{"type":"Feature","id":74,"geometry":{"type":"Point","coordinates":[-149.733013380693,61.1390459163606]},"properties":{"OBJECTID":74,"MarkerLocation":"STA","EmergencyLocatorID":"F04","Milepost":0,"Kilometers":null,"PostType":"STASpecific","Sponsor":null,"InstallYear":null,"MaintainedBy":null,"OwnedBy":null,"POINT_X":-149.73299038,"POINT_Y":61.1390442,"PUBDATE":"Sun, 26 Apr 2026 00:00:00 GMT"}},{"type":"Feature","id":75,"geometry":{"type":"Point","coordinates":[-149.72119295767,61.1442214187504]},"properties":{"OBJECTID":75,"MarkerLocation":"STA","EmergencyLocatorID":"F17","Milepost":0,"Kilometers":null,"PostType":"STASpecific","Sponsor":null,"InstallYear":null,"MaintainedBy":null,"OwnedBy":null,"POINT_X":-149.72116995,"POINT_Y":61.1442197,"PUBDATE":"Sun, 26 Apr 2026 00:00:00 GMT"}},{"type":"Feature","id":76,"geometry":{"type":"Point","coordinates":[-149.719565614431,61.1447683319129]},"properties":{"OBJECTID":76,"MarkerLocation":"STA","EmergencyLocatorID":"F19","Milepost":0,"Kilometers":null,"PostType":"STASpecific","Sponsor":null,"InstallYear":null,"MaintainedBy":null,"OwnedBy":null,"POINT_X":-149.71954261,"POINT_Y":61.14476662,"PUBDATE":"Sun, 26 Apr 2026 00:00:00 GMT"}},{"type":"Feature","id":77,"geometry":{"type":"Point","coordinates":[-149.733927233365,61.1463083637871]},"properties":{"OBJECTID":77,"MarkerLocation":"STA","EmergencyLocatorID":"F20","Milepost":0,"Kilometers":null,"PostType":"STASpecific","Sponsor":null,"InstallYear":null,"MaintainedBy":null,"OwnedBy":null,"POINT_X":-149.73390422,"POINT_Y":61.14630665,"PUBDATE":"Sun, 26 Apr 2026 00:00:00 GMT"}},{"type":"Feature","id":78,"geometry":{"type":"Point","coordinates":[-149.734382992246,61.1463097660849]},"properties":{"OBJECTID":78,"MarkerLocation":"STA","EmergencyLocatorID":"F21","Milepost":0,"Kilometers":null,"PostType":"STASpecific","Sponsor":null,"InstallYear":null,"MaintainedBy":null,"OwnedBy":null,"POINT_X":-149.73435998,"POINT_Y":61.14630805,"PUBDATE":"Sun, 26 Apr 2026 00:00:00 GMT"}},{"type":"Feature","id":79,"geometry":{"type":"Point","coordinates":[-149.734606485732,61.1475879121331]},"properties":{"OBJECTID":79,"MarkerLocation":"STA","EmergencyLocatorID":"F22","Milepost":0,"Kilometers":null,"PostType":"STASpecific","Sponsor":null,"InstallYear":null,"MaintainedBy":null,"OwnedBy":null,"POINT_X":-149.73458348,"POINT_Y":61.1475862,"PUBDATE":"Sun, 26 Apr 2026 00:00:00 GMT"}},{"type":"Feature","id":80,"geometry":{"type":"Point","coordinates":[-149.737304014642,61.1488509509251]},"properties":{"OBJECTID":80,"MarkerLocation":"STA","EmergencyLocatorID":"F23","Milepost":0,"Kilometers":null,"PostType":"STASpecific","Sponsor":null,"InstallYear":null,"MaintainedBy":null,"OwnedBy":null,"POINT_X":-149.737281,"POINT_Y":61.14884924,"PUBDATE":"Sun, 26 Apr 2026 00:00:00 GMT"}},{"type":"Feature","id":81,"geometry":{"type":"Point","coordinates":[-149.738868477527,61.1494457229753]},"properties":{"OBJECTID":81,"MarkerLocation":"STA","EmergencyLocatorID":"F24","Milepost":0,"Kilometers":null,"PostType":"STASpecific","Sponsor":null,"InstallYear":null,"MaintainedBy":null,"OwnedBy":null,"POINT_X":-149.73884547,"POINT_Y":61.14944401,"PUBDATE":"Sun, 26 Apr 2026 00:00:00 GMT"}},{"type":"Feature","id":82,"geometry":{"type":"Point","coordinates":[-149.740457252796,61.1491784948103]},"properties":{"OBJECTID":82,"MarkerLocation":"STA","EmergencyLocatorID":"F25","Milepost":0,"Kilometers":null,"PostType":"STASpecific","Sponsor":null,"InstallYear":null,"MaintainedBy":null,"OwnedBy":null,"POINT_X":-149.74043424,"POINT_Y":61.14917678,"PUBDATE":"Sun, 26 Apr 2026 00:00:00 GMT"}},{"type":"Feature","id":83,"geometry":{"type":"Point","coordinates":[-149.742762675638,61.1500242943455]},"properties":{"OBJECTID":83,"MarkerLocation":"STA","EmergencyLocatorID":"F26","Milepost":0,"Kilometers":null,"PostType":"STASpecific","Sponsor":null,"InstallYear":null,"MaintainedBy":null,"OwnedBy":null,"POINT_X":-149.74273966,"POINT_Y":61.15002258,"PUBDATE":"Sun, 26 Apr 2026 00:00:00 GMT"}},{"type":"Feature","id":84,"geometry":{"type":"Point","coordinates":[-149.750927771797,61.1511163990032]},"properties":{"OBJECTID":84,"MarkerLocation":"STA","EmergencyLocatorID":"F27","Milepost":0,"Kilometers":null,"PostType":"STASpecific","Sponsor":null,"InstallYear":null,"MaintainedBy":null,"OwnedBy":null,"POINT_X":-149.75090476,"POINT_Y":61.15111469,"PUBDATE":"Sun, 26 Apr 2026 00:00:00 GMT"}},{"type":"Feature","id":85,"geometry":{"type":"Point","coordinates":[-149.732971637383,61.1477339097959]},"properties":{"OBJECTID":85,"MarkerLocation":"STA","EmergencyLocatorID":"F29","Milepost":0,"Kilometers":null,"PostType":"STASpecific","Sponsor":null,"InstallYear":null,"MaintainedBy":null,"OwnedBy":null,"POINT_X":-149.73294863,"POINT_Y":61.1477322,"PUBDATE":"Sun, 26 Apr 2026 00:00:00 GMT"}},{"type":"Feature","id":86,"geometry":{"type":"Point","coordinates":[-149.730795384188,61.1481528746312]},"properties":{"OBJECTID":86,"MarkerLocation":"STA","EmergencyLocatorID":"F30","Milepost":0,"Kilometers":null,"PostType":"STASpecific","Sponsor":null,"InstallYear":null,"MaintainedBy":null,"OwnedBy":null,"POINT_X":-149.73077237,"POINT_Y":61.14815116,"PUBDATE":"Sun, 26 Apr 2026 00:00:00 GMT"}},{"type":"Feature","id":87,"geometry":{"type":"Point","coordinates":[-149.714839417289,61.1440552858616]},"properties":{"OBJECTID":87,"MarkerLocation":"STA","EmergencyLocatorID":"F18","Milepost":0,"Kilometers":null,"PostType":"STASpecific","Sponsor":null,"InstallYear":null,"MaintainedBy":null,"OwnedBy":null,"POINT_X":-149.71481641,"POINT_Y":61.14405357,"PUBDATE":"Sun, 26 Apr 2026 00:00:00 GMT"}},{"type":"Feature","id":88,"geometry":{"type":"Point","coordinates":[-149.715097900985,61.1423842951905]},"properties":{"OBJECTID":88,"MarkerLocation":"STA","EmergencyLocatorID":"F14","Milepost":0,"Kilometers":null,"PostType":"STASpecific","Sponsor":null,"InstallYear":null,"MaintainedBy":null,"OwnedBy":null,"POINT_X":-149.71507489,"POINT_Y":61.14238258,"PUBDATE":"Sun, 26 Apr 2026 00:00:00 GMT"}},{"type":"Feature","id":89,"geometry":{"type":"Point","coordinates":[-149.714478067265,61.1418808115339]},"properties":{"OBJECTID":89,"MarkerLocation":"STA","EmergencyLocatorID":"F13","Milepost":0,"Kilometers":null,"PostType":"STASpecific","Sponsor":null,"InstallYear":null,"MaintainedBy":null,"OwnedBy":null,"POINT_X":-149.71445506,"POINT_Y":61.14187909,"PUBDATE":"Sun, 26 Apr 2026 00:00:00 GMT"}},{"type":"Feature","id":90,"geometry":{"type":"Point","coordinates":[-149.718325759726,61.1385494806946]},"properties":{"OBJECTID":90,"MarkerLocation":"STA","EmergencyLocatorID":"F08","Milepost":0,"Kilometers":null,"PostType":"STASpecific","Sponsor":null,"InstallYear":null,"MaintainedBy":null,"OwnedBy":null,"POINT_X":-149.71830276,"POINT_Y":61.13854776,"PUBDATE":"Sun, 26 Apr 2026 00:00:00 GMT"}},{"type":"Feature","id":91,"geometry":{"type":"Point","coordinates":[-149.717882109952,61.1389630313009]},"properties":{"OBJECTID":91,"MarkerLocation":"STA","EmergencyLocatorID":"F11","Milepost":0,"Kilometers":null,"PostType":"STASpecific","Sponsor":null,"InstallYear":null,"MaintainedBy":null,"OwnedBy":null,"POINT_X":-149.71785911,"POINT_Y":61.13896131,"PUBDATE":"Sun, 26 Apr 2026 00:00:00 GMT"}},{"type":"Feature","id":92,"geometry":{"type":"Point","coordinates":[-149.729279925592,61.1384550046872]},"properties":{"OBJECTID":92,"MarkerLocation":"STA","EmergencyLocatorID":"F06","Milepost":0,"Kilometers":null,"PostType":"STASpecific","Sponsor":null,"InstallYear":null,"MaintainedBy":null,"OwnedBy":null,"POINT_X":-149.72925692,"POINT_Y":61.13845329,"PUBDATE":"Sun, 26 Apr 2026 00:00:00 GMT"}},{"type":"Feature","id":93,"geometry":{"type":"Point","coordinates":[-149.731498768466,61.1403539397814]},"properties":{"OBJECTID":93,"MarkerLocation":"STA","EmergencyLocatorID":"F09","Milepost":0,"Kilometers":null,"PostType":"STASpecific","Sponsor":null,"InstallYear":null,"MaintainedBy":null,"OwnedBy":null,"POINT_X":-149.73147576,"POINT_Y":61.14035222,"PUBDATE":"Sun, 26 Apr 2026 00:00:00 GMT"}},{"type":"Feature","id":94,"geometry":{"type":"Point","coordinates":[-149.721357514937,61.1409575952745]},"properties":{"OBJECTID":94,"MarkerLocation":"STA","EmergencyLocatorID":"F12","Milepost":0,"Kilometers":null,"PostType":"STASpecific","Sponsor":null,"InstallYear":null,"MaintainedBy":null,"OwnedBy":null,"POINT_X":-149.72133451,"POINT_Y":61.14095588,"PUBDATE":"Sun, 26 Apr 2026 00:00:00 GMT"}},{"type":"Feature","id":95,"geometry":{"type":"Point","coordinates":[-149.412915354628,61.4295518839595]},"properties":{"OBJECTID":95,"MarkerLocation":"CMBR","EmergencyLocatorID":"ML01","Milepost":null,"Kilometers":null,"PostType":"STASpecific","Sponsor":null,"InstallYear":null,"MaintainedBy":null,"OwnedBy":null,"POINT_X":-149.41289214,"POINT_Y":61.42955014,"PUBDATE":"Sun, 26 Apr 2026 00:00:00 GMT"}},{"type":"Feature","id":96,"geometry":{"type":"Point","coordinates":[-149.410898474099,61.4296673261355]},"properties":{"OBJECTID":96,"MarkerLocation":"CMBR","EmergencyLocatorID":"ML02","Milepost":null,"Kilometers":null,"PostType":"STASpecific","Sponsor":null,"InstallYear":null,"MaintainedBy":null,"OwnedBy":null,"POINT_X":-149.41087526,"POINT_Y":61.42966558,"PUBDATE":"Sun, 26 Apr 2026 00:00:00 GMT"}},{"type":"Feature","id":97,"geometry":{"type":"Point","coordinates":[-149.409498243535,61.4295709707277]},"properties":{"OBJECTID":97,"MarkerLocation":"CMBR","EmergencyLocatorID":"ML03","Milepost":null,"Kilometers":null,"PostType":"STASpecific","Sponsor":null,"InstallYear":null,"MaintainedBy":null,"OwnedBy":null,"POINT_X":-149.40947503,"POINT_Y":61.42956922,"PUBDATE":"Sun, 26 Apr 2026 00:00:00 GMT"}},{"type":"Feature","id":98,"geometry":{"type":"Point","coordinates":[-149.408758530439,61.4297284204697]},"properties":{"OBJECTID":98,"MarkerLocation":"CMBR","EmergencyLocatorID":"ML04","Milepost":null,"Kilometers":null,"PostType":"STASpecific","Sponsor":null,"InstallYear":null,"MaintainedBy":null,"OwnedBy":null,"POINT_X":-149.40873532,"POINT_Y":61.42972667,"PUBDATE":"Sun, 26 Apr 2026 00:00:00 GMT"}},{"type":"Feature","id":99,"geometry":{"type":"Point","coordinates":[-149.404429321644,61.4297125548702]},"properties":{"OBJECTID":99,"MarkerLocation":"CMBR","EmergencyLocatorID":"ML08","Milepost":null,"Kilometers":null,"PostType":"STASpecific","Sponsor":null,"InstallYear":null,"MaintainedBy":null,"OwnedBy":null,"POINT_X":-149.40440611,"POINT_Y":61.42971081,"PUBDATE":"Sun, 26 Apr 2026 00:00:00 GMT"}},{"type":"Feature","id":100,"geometry":{"type":"Point","coordinates":[-149.403478888152,61.4303142724319]},"properties":{"OBJECTID":100,"MarkerLocation":"CMBR","EmergencyLocatorID":"ML09","Milepost":null,"Kilometers":null,"PostType":"STASpecific","Sponsor":null,"InstallYear":null,"MaintainedBy":null,"OwnedBy":null,"POINT_X":-149.40345568,"POINT_Y":61.43031252,"PUBDATE":"Sun, 26 Apr 2026 00:00:00 GMT"}},{"type":"Feature","id":101,"geometry":{"type":"Point","coordinates":[-149.401119475486,61.4290324295705]},"properties":{"OBJECTID":101,"MarkerLocation":"CMBR","EmergencyLocatorID":"ML24","Milepost":null,"Kilometers":null,"PostType":"STASpecific","Sponsor":null,"InstallYear":null,"MaintainedBy":null,"OwnedBy":null,"POINT_X":-149.40109626,"POINT_Y":61.42903068,"PUBDATE":"Sun, 26 Apr 2026 00:00:00 GMT"}},{"type":"Feature","id":102,"geometry":{"type":"Point","coordinates":[-149.399963598102,61.4286922918842]},"properties":{"OBJECTID":102,"MarkerLocation":"CMBR","EmergencyLocatorID":"ML23","Milepost":null,"Kilometers":null,"PostType":"STASpecific","Sponsor":null,"InstallYear":null,"MaintainedBy":null,"OwnedBy":null,"POINT_X":-149.39994039,"POINT_Y":61.42869054,"PUBDATE":"Sun, 26 Apr 2026 00:00:00 GMT"}},{"type":"Feature","id":103,"geometry":{"type":"Point","coordinates":[-149.39934194849,61.4314207843876]},"properties":{"OBJECTID":103,"MarkerLocation":"CMBR","EmergencyLocatorID":"ML10","Milepost":null,"Kilometers":null,"PostType":"STASpecific","Sponsor":null,"InstallYear":null,"MaintainedBy":null,"OwnedBy":null,"POINT_X":-149.39931874,"POINT_Y":61.43141903,"PUBDATE":"Sun, 26 Apr 2026 00:00:00 GMT"}},{"type":"Feature","id":104,"geometry":{"type":"Point","coordinates":[-149.399104612082,61.4313530647896]},"properties":{"OBJECTID":104,"MarkerLocation":"CMBR","EmergencyLocatorID":"ML11","Milepost":null,"Kilometers":null,"PostType":"STASpecific","Sponsor":null,"InstallYear":null,"MaintainedBy":null,"OwnedBy":null,"POINT_X":-149.3990814,"POINT_Y":61.43135131,"PUBDATE":"Sun, 26 Apr 2026 00:00:00 GMT"}},{"type":"Feature","id":105,"geometry":{"type":"Point","coordinates":[-149.399432290484,61.430859227182]},"properties":{"OBJECTID":105,"MarkerLocation":"CMBR","EmergencyLocatorID":"ML12","Milepost":null,"Kilometers":null,"PostType":"STASpecific","Sponsor":null,"InstallYear":null,"MaintainedBy":null,"OwnedBy":null,"POINT_X":-149.39940908,"POINT_Y":61.43085748,"PUBDATE":"Sun, 26 Apr 2026 00:00:00 GMT"}},{"type":"Feature","id":106,"geometry":{"type":"Point","coordinates":[-149.40466497109,61.4297533026155]},"properties":{"OBJECTID":106,"MarkerLocation":"CMBR","EmergencyLocatorID":"ML07","Milepost":null,"Kilometers":null,"PostType":"STASpecific","Sponsor":null,"InstallYear":null,"MaintainedBy":null,"OwnedBy":null,"POINT_X":-149.40464176,"POINT_Y":61.42975155,"PUBDATE":"Sun, 26 Apr 2026 00:00:00 GMT"}},{"type":"Feature","id":107,"geometry":{"type":"Point","coordinates":[-149.404856810013,61.428974555873]},"properties":{"OBJECTID":107,"MarkerLocation":"CMBR","EmergencyLocatorID":"ML05","Milepost":null,"Kilometers":null,"PostType":"STASpecific","Sponsor":null,"InstallYear":null,"MaintainedBy":null,"OwnedBy":null,"POINT_X":-149.4048336,"POINT_Y":61.42897281,"PUBDATE":"Sun, 26 Apr 2026 00:00:00 GMT"}},{"type":"Feature","id":108,"geometry":{"type":"Point","coordinates":[-149.404704359391,61.4290785127705]},"properties":{"OBJECTID":108,"MarkerLocation":"CMBR","EmergencyLocatorID":"ML06","Milepost":null,"Kilometers":null,"PostType":"STASpecific","Sponsor":null,"InstallYear":null,"MaintainedBy":null,"OwnedBy":null,"POINT_X":-149.40468115,"POINT_Y":61.42907676,"PUBDATE":"Sun, 26 Apr 2026 00:00:00 GMT"}},{"type":"Feature","id":109,"geometry":{"type":"Point","coordinates":[-149.404575933258,61.4285583251513]},"properties":{"OBJECTID":109,"MarkerLocation":"CMBR","EmergencyLocatorID":"ML16","Milepost":null,"Kilometers":null,"PostType":"STASpecific","Sponsor":null,"InstallYear":null,"MaintainedBy":null,"OwnedBy":null,"POINT_X":-149.40455272,"POINT_Y":61.42855658,"PUBDATE":"Sun, 26 Apr 2026 00:00:00 GMT"}},{"type":"Feature","id":110,"geometry":{"type":"Point","coordinates":[-149.404823288764,61.4278037974877]},"properties":{"OBJECTID":110,"MarkerLocation":"CMBR","EmergencyLocatorID":"ML17","Milepost":null,"Kilometers":null,"PostType":"STASpecific","Sponsor":null,"InstallYear":null,"MaintainedBy":null,"OwnedBy":null,"POINT_X":-149.40480008,"POINT_Y":61.42780205,"PUBDATE":"Sun, 26 Apr 2026 00:00:00 GMT"}},{"type":"Feature","id":111,"geometry":{"type":"Point","coordinates":[-149.403959055602,61.4276907459089]},"properties":{"OBJECTID":111,"MarkerLocation":"CMBR","EmergencyLocatorID":"ML18","Milepost":null,"Kilometers":null,"PostType":"STASpecific","Sponsor":null,"InstallYear":null,"MaintainedBy":null,"OwnedBy":null,"POINT_X":-149.40393584,"POINT_Y":61.427689,"PUBDATE":"Sun, 26 Apr 2026 00:00:00 GMT"}},{"type":"Feature","id":112,"geometry":{"type":"Point","coordinates":[-149.402920434201,61.4269765058695]},"properties":{"OBJECTID":112,"MarkerLocation":"CMBR","EmergencyLocatorID":"ML19","Milepost":null,"Kilometers":null,"PostType":"STASpecific","Sponsor":null,"InstallYear":null,"MaintainedBy":null,"OwnedBy":null,"POINT_X":-149.40289722,"POINT_Y":61.42697476,"PUBDATE":"Sun, 26 Apr 2026 00:00:00 GMT"}},{"type":"Feature","id":113,"geometry":{"type":"Point","coordinates":[-149.393261548482,61.4279668778768]},"properties":{"OBJECTID":113,"MarkerLocation":"CMBR","EmergencyLocatorID":"ML20","Milepost":null,"Kilometers":null,"PostType":"STASpecific","Sponsor":null,"InstallYear":null,"MaintainedBy":null,"OwnedBy":null,"POINT_X":-149.39323834,"POINT_Y":61.42796513,"PUBDATE":"Sun, 26 Apr 2026 00:00:00 GMT"}},{"type":"Feature","id":114,"geometry":{"type":"Point","coordinates":[-149.392322849988,61.4284025947372]},"properties":{"OBJECTID":114,"MarkerLocation":"CMBR","EmergencyLocatorID":"ML21","Milepost":null,"Kilometers":null,"PostType":"STASpecific","Sponsor":null,"InstallYear":null,"MaintainedBy":null,"OwnedBy":null,"POINT_X":-149.39229964,"POINT_Y":61.42840084,"PUBDATE":"Sun, 26 Apr 2026 00:00:00 GMT"}},{"type":"Feature","id":115,"geometry":{"type":"Point","coordinates":[-149.396746562018,61.4297504785875]},"properties":{"OBJECTID":115,"MarkerLocation":"CMBR","EmergencyLocatorID":"ML22","Milepost":null,"Kilometers":null,"PostType":"STASpecific","Sponsor":null,"InstallYear":null,"MaintainedBy":null,"OwnedBy":null,"POINT_X":-149.39672335,"POINT_Y":61.42974873,"PUBDATE":"Sun, 26 Apr 2026 00:00:00 GMT"}},{"type":"Feature","id":116,"geometry":{"type":"Point","coordinates":[-149.397557841233,61.4300832860663]},"properties":{"OBJECTID":116,"MarkerLocation":"CMBR","EmergencyLocatorID":"ML15","Milepost":null,"Kilometers":null,"PostType":"STASpecific","Sponsor":null,"InstallYear":null,"MaintainedBy":null,"OwnedBy":null,"POINT_X":-149.39753463,"POINT_Y":61.43008154,"PUBDATE":"Sun, 26 Apr 2026 00:00:00 GMT"}},{"type":"Feature","id":117,"geometry":{"type":"Point","coordinates":[-149.395571854781,61.4332737061725]},"properties":{"OBJECTID":117,"MarkerLocation":"CMBR","EmergencyLocatorID":"ML14","Milepost":null,"Kilometers":null,"PostType":"STASpecific","Sponsor":null,"InstallYear":null,"MaintainedBy":null,"OwnedBy":null,"POINT_X":-149.39554864,"POINT_Y":61.43327196,"PUBDATE":"Sun, 26 Apr 2026 00:00:00 GMT"}},{"type":"Feature","id":118,"geometry":{"type":"Point","coordinates":[-149.397723358631,61.431742386905]},"properties":{"OBJECTID":118,"MarkerLocation":"CMBR","EmergencyLocatorID":"ML13","Milepost":null,"Kilometers":null,"PostType":"STASpecific","Sponsor":null,"InstallYear":null,"MaintainedBy":null,"OwnedBy":null,"POINT_X":-149.39770015,"POINT_Y":61.43174064,"PUBDATE":"Sun, 26 Apr 2026 00:00:00 GMT"}},{"type":"Feature","id":119,"geometry":{"type":"Point","coordinates":[-149.909253832993,61.2172192780271]},"properties":{"OBJECTID":119,"MarkerLocation":"Coastal Trail","EmergencyLocatorID":"CT02","Milepost":0.5,"Kilometers":0.8,"PostType":"MILE1","Sponsor":null,"InstallYear":null,"MaintainedBy":null,"OwnedBy":null,"POINT_X":-149.90923078,"POINT_Y":61.2172176,"PUBDATE":"Sun, 26 Apr 2026 00:00:00 GMT"}},{"type":"Feature","id":120,"geometry":{"type":"Point","coordinates":[-149.925101120711,61.2061677273422]},"properties":{"OBJECTID":120,"MarkerLocation":"Coastal Trail","EmergencyLocatorID":"CT04","Milepost":1.5,"Kilometers":null,"PostType":"MILE1","Sponsor":null,"InstallYear":null,"MaintainedBy":null,"OwnedBy":null,"POINT_X":-149.92507807,"POINT_Y":61.20616605,"PUBDATE":"Sun, 26 Apr 2026 00:00:00 GMT"}},{"type":"Feature","id":121,"geometry":{"type":"Point","coordinates":[-149.938700100962,61.2051968271214]},"properties":{"OBJECTID":121,"MarkerLocation":"Coastal Trail","EmergencyLocatorID":"CT05","Milepost":2,"Kilometers":3.2,"PostType":"MILE1","Sponsor":"And Couriers","InstallYear":null,"MaintainedBy":null,"OwnedBy":null,"POINT_X":-149.93867705,"POINT_Y":61.20519515,"PUBDATE":"Sun, 26 Apr 2026 00:00:00 GMT"}},{"type":"Feature","id":122,"geometry":{"type":"Point","coordinates":[-149.975597995406,61.1973635146963]},"properties":{"OBJECTID":122,"MarkerLocation":"Coastal Trail","EmergencyLocatorID":"CT08","Milepost":3.5,"Kilometers":5.6,"PostType":"MILE1","Sponsor":null,"InstallYear":null,"MaintainedBy":null,"OwnedBy":null,"POINT_X":-149.97557495,"POINT_Y":61.19736184,"PUBDATE":"Sun, 26 Apr 2026 00:00:00 GMT"}},{"type":"Feature","id":123,"geometry":{"type":"Point","coordinates":[-150.002790653538,61.2009768014259]},"properties":{"OBJECTID":123,"MarkerLocation":"Coastal Trail","EmergencyLocatorID":"CT10","Milepost":4.5,"Kilometers":7.2,"PostType":"MILE1","Sponsor":null,"InstallYear":null,"MaintainedBy":null,"OwnedBy":null,"POINT_X":-150.00276761,"POINT_Y":61.20097513,"PUBDATE":"Sun, 26 Apr 2026 00:00:00 GMT"}},{"type":"Feature","id":124,"geometry":{"type":"Point","coordinates":[-150.016545696923,61.2034893891176]},"properties":{"OBJECTID":124,"MarkerLocation":"Coastal Trail","EmergencyLocatorID":"CT11","Milepost":5,"Kilometers":8,"PostType":"MILE1","Sponsor":null,"InstallYear":null,"MaintainedBy":null,"OwnedBy":null,"POINT_X":-150.01652265,"POINT_Y":61.20348772,"PUBDATE":"Sun, 26 Apr 2026 00:00:00 GMT"}},{"type":"Feature","id":125,"geometry":{"type":"Point","coordinates":[-150.029606285338,61.1800402159371]},"properties":{"OBJECTID":125,"MarkerLocation":"Coastal Trail","EmergencyLocatorID":"CT15","Milepost":7,"Kilometers":11.3,"PostType":"MILE1","Sponsor":null,"InstallYear":2019,"MaintainedBy":null,"OwnedBy":null,"POINT_X":-150.02958326,"POINT_Y":61.18003855,"PUBDATE":"Sun, 26 Apr 2026 00:00:00 GMT"}},{"type":"Feature","id":126,"geometry":{"type":"Point","coordinates":[-150.040333459585,61.175799653243]},"properties":{"OBJECTID":126,"MarkerLocation":"Coastal Trail","EmergencyLocatorID":"CT16","Milepost":7.5,"Kilometers":12.1,"PostType":"MILE1","Sponsor":null,"InstallYear":2019,"MaintainedBy":null,"OwnedBy":null,"POINT_X":-150.04031043,"POINT_Y":61.17579799,"PUBDATE":"Sun, 26 Apr 2026 00:00:00 GMT"}},{"type":"Feature","id":127,"geometry":{"type":"Point","coordinates":[-150.051703925213,61.1720129319233]},"properties":{"OBJECTID":127,"MarkerLocation":"Coastal Trail","EmergencyLocatorID":"CT17","Milepost":8,"Kilometers":12.9,"PostType":"MILE1","Sponsor":null,"InstallYear":2019,"MaintainedBy":null,"OwnedBy":null,"POINT_X":-150.0516809,"POINT_Y":61.17201127,"PUBDATE":"Sun, 26 Apr 2026 00:00:00 GMT"}},{"type":"Feature","id":128,"geometry":{"type":"Point","coordinates":[-150.061732154592,61.1669943753918]},"properties":{"OBJECTID":128,"MarkerLocation":"Coastal Trail","EmergencyLocatorID":"CT18","Milepost":8.5,"Kilometers":13.7,"PostType":"MILE1","Sponsor":null,"InstallYear":2019,"MaintainedBy":null,"OwnedBy":null,"POINT_X":-150.06170913,"POINT_Y":61.16699272,"PUBDATE":"Sun, 26 Apr 2026 00:00:00 GMT"}},{"type":"Feature","id":129,"geometry":{"type":"Point","coordinates":[-150.068383729377,61.1610231471585]},"properties":{"OBJECTID":129,"MarkerLocation":"Coastal Trail","EmergencyLocatorID":"CT19","Milepost":9,"Kilometers":14.5,"PostType":"MILE1","Sponsor":null,"InstallYear":2019,"MaintainedBy":null,"OwnedBy":null,"POINT_X":-150.06836071,"POINT_Y":61.16102149,"PUBDATE":"Sun, 26 Apr 2026 00:00:00 GMT"}},{"type":"Feature","id":130,"geometry":{"type":"Point","coordinates":[-150.067710722309,61.155363288665]},"properties":{"OBJECTID":130,"MarkerLocation":"Coastal Trail","EmergencyLocatorID":"CT20","Milepost":9.5,"Kilometers":15.3,"PostType":"MILE1","Sponsor":null,"InstallYear":2019,"MaintainedBy":null,"OwnedBy":null,"POINT_X":-150.06768771,"POINT_Y":61.15536163,"PUBDATE":"Sun, 26 Apr 2026 00:00:00 GMT"}},{"type":"Feature","id":131,"geometry":{"type":"Point","coordinates":[-150.063528619287,61.1545701175606]},"properties":{"OBJECTID":131,"MarkerLocation":"Coastal Trail","EmergencyLocatorID":"CT21","Milepost":10,"Kilometers":16.1,"PostType":"MILE1","Sponsor":"HDL engineering Consultants","InstallYear":2019,"MaintainedBy":null,"OwnedBy":null,"POINT_X":-150.06350561,"POINT_Y":61.15456846,"PUBDATE":"Sun, 26 Apr 2026 00:00:00 GMT"}},{"type":"Feature","id":132,"geometry":{"type":"Point","coordinates":[-150.051035881785,61.1533466165549]},"properties":{"OBJECTID":132,"MarkerLocation":"Coastal Trail","EmergencyLocatorID":"CT22","Milepost":10.5,"Kilometers":16.9,"PostType":"MILE1","Sponsor":"None","InstallYear":2018,"MaintainedBy":null,"OwnedBy":null,"POINT_X":-150.05101287,"POINT_Y":61.15334495,"PUBDATE":"Sun, 26 Apr 2026 00:00:00 GMT"}},{"type":"Feature","id":133,"geometry":{"type":"Point","coordinates":[-149.897570546524,61.2205418945462]},"properties":{"OBJECTID":133,"MarkerLocation":"Coastal Trail","EmergencyLocatorID":"CT01","Milepost":0,"Kilometers":null,"PostType":"MILE1","Sponsor":"Boutet family fund","InstallYear":2018,"MaintainedBy":"MOA ","OwnedBy":"MOA ","POINT_X":-149.89754749,"POINT_Y":61.22054021,"PUBDATE":"Sun, 26 Apr 2026 00:00:00 GMT"}},{"type":"Feature","id":134,"geometry":{"type":"Point","coordinates":[-149.919221115346,61.2118959445754]},"properties":{"OBJECTID":134,"MarkerLocation":"Coastal Trail","EmergencyLocatorID":"CT03","Milepost":1,"Kilometers":1.6,"PostType":"MILE1","Sponsor":null,"InstallYear":null,"MaintainedBy":null,"OwnedBy":null,"POINT_X":-149.91919806,"POINT_Y":61.21189426,"PUBDATE":"Sun, 26 Apr 2026 00:00:00 GMT"}},{"type":"Feature","id":135,"geometry":{"type":"Point","coordinates":[-149.951694418222,61.2020986151921]},"properties":{"OBJECTID":135,"MarkerLocation":"Coastal Trail","EmergencyLocatorID":"CT06","Milepost":2.5,"Kilometers":4,"PostType":"MILE1","Sponsor":"Rasmussen Foundation","InstallYear":null,"MaintainedBy":null,"OwnedBy":null,"POINT_X":-149.95167137,"POINT_Y":61.20209694,"PUBDATE":"Sun, 26 Apr 2026 00:00:00 GMT"}},{"type":"Feature","id":136,"geometry":{"type":"Point","coordinates":[-149.989528142625,61.1985978944221]},"properties":{"OBJECTID":136,"MarkerLocation":"Coastal Trail","EmergencyLocatorID":"CT09","Milepost":4,"Kilometers":6.4,"PostType":"MILE1","Sponsor":null,"InstallYear":null,"MaintainedBy":null,"OwnedBy":null,"POINT_X":-149.9895051,"POINT_Y":61.19859623,"PUBDATE":"Sun, 26 Apr 2026 00:00:00 GMT"}},{"type":"Feature","id":137,"geometry":{"type":"Point","coordinates":[-150.019158810304,61.197463154029]},"properties":{"OBJECTID":137,"MarkerLocation":"Coastal Trail","EmergencyLocatorID":"CT12","Milepost":5.5,"Kilometers":8.8,"PostType":"MILE1","Sponsor":null,"InstallYear":null,"MaintainedBy":null,"OwnedBy":null,"POINT_X":-150.01913577,"POINT_Y":61.19746149,"PUBDATE":"Sun, 26 Apr 2026 00:00:00 GMT"}},{"type":"Feature","id":138,"geometry":{"type":"Point","coordinates":[-150.026172822137,61.1935718410583]},"properties":{"OBJECTID":138,"MarkerLocation":"Coastal Trail","EmergencyLocatorID":"CT13","Milepost":6,"Kilometers":9.7,"PostType":"MILE1","Sponsor":null,"InstallYear":null,"MaintainedBy":null,"OwnedBy":null,"POINT_X":-150.02614978,"POINT_Y":61.19357018,"PUBDATE":"Sun, 26 Apr 2026 00:00:00 GMT"}},{"type":"Feature","id":139,"geometry":{"type":"Point","coordinates":[-150.026341763531,61.1868189857921]},"properties":{"OBJECTID":139,"MarkerLocation":"Coastal Trail","EmergencyLocatorID":"CT14","Milepost":6.5,"Kilometers":10.5,"PostType":"MILE1","Sponsor":null,"InstallYear":2019,"MaintainedBy":null,"OwnedBy":null,"POINT_X":-150.02631873,"POINT_Y":61.18681732,"PUBDATE":"Sun, 26 Apr 2026 00:00:00 GMT"}},{"type":"Feature","id":140,"geometry":{"type":"Point","coordinates":[-149.965596520248,61.199797295042]},"properties":{"OBJECTID":140,"MarkerLocation":"Coastal Trail","EmergencyLocatorID":"CT07","Milepost":3,"Kilometers":4.8,"PostType":"MILE1","Sponsor":null,"InstallYear":null,"MaintainedBy":null,"OwnedBy":null,"POINT_X":-149.96557348,"POINT_Y":61.19979562,"PUBDATE":"Sun, 26 Apr 2026 00:00:00 GMT"}},{"type":"Feature","id":141,"geometry":{"type":"Point","coordinates":[-149.922104323687,61.1385236366923]},"properties":{"OBJECTID":141,"MarkerLocation":"Campbell Creek","EmergencyLocatorID":"CB01","Milepost":0,"Kilometers":0,"PostType":"MILE1","Sponsor":null,"InstallYear":null,"MaintainedBy":null,"OwnedBy":null,"POINT_X":-149.92208132,"POINT_Y":61.13852195,"PUBDATE":"Sun, 26 Apr 2026 00:00:00 GMT"}},{"type":"Feature","id":142,"geometry":{"type":"Point","coordinates":[-149.912432112675,61.1429893954629]},"properties":{"OBJECTID":142,"MarkerLocation":"Campbell Creek","EmergencyLocatorID":"CB02","Milepost":0.5,"Kilometers":0.8,"PostType":"MILE1","Sponsor":null,"InstallYear":null,"MaintainedBy":null,"OwnedBy":null,"POINT_X":-149.91240911,"POINT_Y":61.14298771,"PUBDATE":"Sun, 26 Apr 2026 00:00:00 GMT"}},{"type":"Feature","id":143,"geometry":{"type":"Point","coordinates":[-149.900934554504,61.1432350722676]},"properties":{"OBJECTID":143,"MarkerLocation":"Campbell Creek","EmergencyLocatorID":"CB03","Milepost":1,"Kilometers":1.6,"PostType":"MILE1","Sponsor":null,"InstallYear":null,"MaintainedBy":null,"OwnedBy":null,"POINT_X":-149.90091155,"POINT_Y":61.14323339,"PUBDATE":"Sun, 26 Apr 2026 00:00:00 GMT"}},{"type":"Feature","id":144,"geometry":{"type":"Point","coordinates":[-149.889767235096,61.1476560623645]},"properties":{"OBJECTID":144,"MarkerLocation":"Campbell Creek","EmergencyLocatorID":"CB04","Milepost":1.5,"Kilometers":2.4,"PostType":"MILE1","Sponsor":null,"InstallYear":null,"MaintainedBy":null,"OwnedBy":null,"POINT_X":-149.88974423,"POINT_Y":61.14765437,"PUBDATE":"Sun, 26 Apr 2026 00:00:00 GMT"}},{"type":"Feature","id":145,"geometry":{"type":"Point","coordinates":[-149.881899585998,61.1513377303782]},"properties":{"OBJECTID":145,"MarkerLocation":"Campbell Creek","EmergencyLocatorID":"CB05","Milepost":2,"Kilometers":3.2,"PostType":"MILE1","Sponsor":null,"InstallYear":null,"MaintainedBy":null,"OwnedBy":null,"POINT_X":-149.88187658,"POINT_Y":61.15133604,"PUBDATE":"Sun, 26 Apr 2026 00:00:00 GMT"}},{"type":"Feature","id":146,"geometry":{"type":"Point","coordinates":[-149.87477363212,61.156686152269]},"properties":{"OBJECTID":146,"MarkerLocation":"Campbell Creek","EmergencyLocatorID":"CB06","Milepost":2.5,"Kilometers":4,"PostType":"MILE1","Sponsor":null,"InstallYear":null,"MaintainedBy":null,"OwnedBy":null,"POINT_X":-149.87475062,"POINT_Y":61.15668446,"PUBDATE":"Sun, 26 Apr 2026 00:00:00 GMT"}},{"type":"Feature","id":147,"geometry":{"type":"Point","coordinates":[-149.877071803152,61.1632941832776]},"properties":{"OBJECTID":147,"MarkerLocation":"Campbell Creek","EmergencyLocatorID":"CB07","Milepost":3,"Kilometers":4.8,"PostType":"MILE1","Sponsor":null,"InstallYear":null,"MaintainedBy":null,"OwnedBy":null,"POINT_X":-149.87704878,"POINT_Y":61.16329249,"PUBDATE":"Sun, 26 Apr 2026 00:00:00 GMT"}},{"type":"Feature","id":148,"geometry":{"type":"Point","coordinates":[-149.873008988902,61.1690232421208]},"properties":{"OBJECTID":148,"MarkerLocation":"Campbell Creek","EmergencyLocatorID":"CB08","Milepost":3.5,"Kilometers":5.6,"PostType":"MILE1","Sponsor":null,"InstallYear":null,"MaintainedBy":null,"OwnedBy":null,"POINT_X":-149.87298597,"POINT_Y":61.16902155,"PUBDATE":"Sun, 26 Apr 2026 00:00:00 GMT"}},{"type":"Feature","id":149,"geometry":{"type":"Point","coordinates":[-149.865317961667,61.1727897111155]},"properties":{"OBJECTID":149,"MarkerLocation":"Campbell Creek","EmergencyLocatorID":"CB09","Milepost":4,"Kilometers":6.4,"PostType":"MILE1","Sponsor":null,"InstallYear":null,"MaintainedBy":null,"OwnedBy":null,"POINT_X":-149.86529494,"POINT_Y":61.17278802,"PUBDATE":"Sun, 26 Apr 2026 00:00:00 GMT"}},{"type":"Feature","id":150,"geometry":{"type":"Point","coordinates":[-149.853850106564,61.1759298773184]},"properties":{"OBJECTID":150,"MarkerLocation":"Campbell Creek","EmergencyLocatorID":"CB10","Milepost":4.5,"Kilometers":7.2,"PostType":"MILE1","Sponsor":null,"InstallYear":null,"MaintainedBy":null,"OwnedBy":null,"POINT_X":-149.85382708,"POINT_Y":61.17592818,"PUBDATE":"Sun, 26 Apr 2026 00:00:00 GMT"}},{"type":"Feature","id":151,"geometry":{"type":"Point","coordinates":[-149.841809980898,61.1784167278307]},"properties":{"OBJECTID":151,"MarkerLocation":"Campbell Creek","EmergencyLocatorID":"CB11","Milepost":5,"Kilometers":8,"PostType":"MILE1","Sponsor":null,"InstallYear":null,"MaintainedBy":null,"OwnedBy":null,"POINT_X":-149.84178695,"POINT_Y":61.17841503,"PUBDATE":"Sun, 26 Apr 2026 00:00:00 GMT"}},{"type":"Feature","id":152,"geometry":{"type":"Point","coordinates":[-149.815912041744,61.1765180710564]},"properties":{"OBJECTID":152,"MarkerLocation":"Campbell Creek","EmergencyLocatorID":"CB13","Milepost":6,"Kilometers":9.7,"PostType":"MILE1","Sponsor":null,"InstallYear":null,"MaintainedBy":null,"OwnedBy":null,"POINT_X":-149.81588901,"POINT_Y":61.17651637,"PUBDATE":"Sun, 26 Apr 2026 00:00:00 GMT"}},{"type":"Feature","id":153,"geometry":{"type":"Point","coordinates":[-149.802442685216,61.1777339416807]},"properties":{"OBJECTID":153,"MarkerLocation":"Campbell Creek","EmergencyLocatorID":"CB14","Milepost":6.5,"Kilometers":10.5,"PostType":"MILE1","Sponsor":null,"InstallYear":null,"MaintainedBy":null,"OwnedBy":null,"POINT_X":-149.80241966,"POINT_Y":61.17773224,"PUBDATE":"Sun, 26 Apr 2026 00:00:00 GMT"}},{"type":"Feature","id":154,"geometry":{"type":"Point","coordinates":[-149.799188525953,61.1803908535392]},"properties":{"OBJECTID":154,"MarkerLocation":"Campbell Creek","EmergencyLocatorID":"CB15","Milepost":7,"Kilometers":11.3,"PostType":"MILE1","Sponsor":null,"InstallYear":null,"MaintainedBy":null,"OwnedBy":null,"POINT_X":-149.79916549,"POINT_Y":61.18038915,"PUBDATE":"Sun, 26 Apr 2026 00:00:00 GMT"}},{"type":"Feature","id":155,"geometry":{"type":"Point","coordinates":[-149.805107667664,61.1833906813992]},"properties":{"OBJECTID":155,"MarkerLocation":"Campbell Creek","EmergencyLocatorID":"CB16","Milepost":7.5,"Kilometers":12.1,"PostType":"MILE1","Sponsor":null,"InstallYear":null,"MaintainedBy":null,"OwnedBy":null,"POINT_X":-149.80508463,"POINT_Y":61.18338898,"PUBDATE":"Sun, 26 Apr 2026 00:00:00 GMT"}},{"type":"Feature","id":156,"geometry":{"type":"Point","coordinates":[-150.059394893945,61.1530440977575]},"properties":{"OBJECTID":156,"MarkerLocation":"Kincaid","EmergencyLocatorID":"K166","Milepost":null,"Kilometers":null,"PostType":"NSAASpecific","Sponsor":null,"InstallYear":2019,"MaintainedBy":"NSAA","OwnedBy":null,"POINT_X":-150.05937188,"POINT_Y":61.15304244,"PUBDATE":"Sun, 26 Apr 2026 00:00:00 GMT"}},{"type":"Feature","id":157,"geometry":{"type":"Point","coordinates":[-150.060950673815,61.1528025231941]},"properties":{"OBJECTID":157,"MarkerLocation":"Kincaid","EmergencyLocatorID":"K165","Milepost":null,"Kilometers":null,"PostType":"NSAASpecific","Sponsor":null,"InstallYear":2019,"MaintainedBy":"NSAA","OwnedBy":null,"POINT_X":-150.06092766,"POINT_Y":61.15280086,"PUBDATE":"Sun, 26 Apr 2026 00:00:00 GMT"}},{"type":"Feature","id":158,"geometry":{"type":"Point","coordinates":[-150.05500215488,61.1529379503921]},"properties":{"OBJECTID":158,"MarkerLocation":"Kincaid","EmergencyLocatorID":"K164","Milepost":null,"Kilometers":null,"PostType":"NSAASpecific","Sponsor":null,"InstallYear":2019,"MaintainedBy":"NSAA","OwnedBy":null,"POINT_X":-150.05497915,"POINT_Y":61.15293629,"PUBDATE":"Sun, 26 Apr 2026 00:00:00 GMT"}},{"type":"Feature","id":159,"geometry":{"type":"Point","coordinates":[-150.059373277203,61.1553660039133]},"properties":{"OBJECTID":159,"MarkerLocation":"Kincaid","EmergencyLocatorID":"K163","Milepost":null,"Kilometers":null,"PostType":"NSAASpecific","Sponsor":"NSAA ","InstallYear":2019,"MaintainedBy":"NSAA ","OwnedBy":"MOA ","POINT_X":-150.05935027,"POINT_Y":61.15536434,"PUBDATE":"Sun, 26 Apr 2026 00:00:00 GMT"}},{"type":"Feature","id":160,"geometry":{"type":"Point","coordinates":[-150.055847659884,61.15919435366]},"properties":{"OBJECTID":160,"MarkerLocation":"Kincaid","EmergencyLocatorID":"K158","Milepost":null,"Kilometers":null,"PostType":"NSAASpecific","Sponsor":"NSAA ","InstallYear":2019,"MaintainedBy":"NSAA","OwnedBy":"MOA ","POINT_X":-150.05582465,"POINT_Y":61.15919269,"PUBDATE":"Sun, 26 Apr 2026 00:00:00 GMT"}},{"type":"Feature","id":161,"geometry":{"type":"Point","coordinates":[-150.05491662397,61.1597975054709]},"properties":{"OBJECTID":161,"MarkerLocation":"Kincaid","EmergencyLocatorID":"K157","Milepost":null,"Kilometers":null,"PostType":"NSAASpecific","Sponsor":"NSAA ","InstallYear":2019,"MaintainedBy":"NSAA","OwnedBy":"MOA ","POINT_X":-150.05489361,"POINT_Y":61.15979584,"PUBDATE":"Sun, 26 Apr 2026 00:00:00 GMT"}},{"type":"Feature","id":162,"geometry":{"type":"Point","coordinates":[-150.046248329552,61.1618278929063]},"properties":{"OBJECTID":162,"MarkerLocation":"Kincaid","EmergencyLocatorID":"K153","Milepost":null,"Kilometers":null,"PostType":"NSAASpecific","Sponsor":"NSAA ","InstallYear":2019,"MaintainedBy":"NSAA ","OwnedBy":"MOA ","POINT_X":-150.04622531,"POINT_Y":61.16182623,"PUBDATE":"Sun, 26 Apr 2026 00:00:00 GMT"}},{"type":"Feature","id":163,"geometry":{"type":"Point","coordinates":[-150.047527988689,61.1619194093719]},"properties":{"OBJECTID":163,"MarkerLocation":"Kincaid","EmergencyLocatorID":"K156","Milepost":null,"Kilometers":null,"PostType":"NSAASpecific","Sponsor":"NSAA ","InstallYear":2019,"MaintainedBy":"NSAA ","OwnedBy":"MOA ","POINT_X":-150.04750497,"POINT_Y":61.16191775,"PUBDATE":"Sun, 26 Apr 2026 00:00:00 GMT"}},{"type":"Feature","id":164,"geometry":{"type":"Point","coordinates":[-150.050695622225,61.1656395312222]},"properties":{"OBJECTID":164,"MarkerLocation":"Kincaid","EmergencyLocatorID":"K154","Milepost":null,"Kilometers":null,"PostType":"NSAASpecific","Sponsor":"NSAA ","InstallYear":2019,"MaintainedBy":"NSAA ","OwnedBy":"MOA ","POINT_X":-150.0506726,"POINT_Y":61.16563787,"PUBDATE":"Sun, 26 Apr 2026 00:00:00 GMT"}},{"type":"Feature","id":165,"geometry":{"type":"Point","coordinates":[-150.051460551564,61.1660385822735]},"properties":{"OBJECTID":165,"MarkerLocation":"Kincaid","EmergencyLocatorID":"K155","Milepost":null,"Kilometers":null,"PostType":"NSAASpecific","Sponsor":"NSAA ","InstallYear":2019,"MaintainedBy":"NSAA ","OwnedBy":"MOA ","POINT_X":-150.05143753,"POINT_Y":61.16603692,"PUBDATE":"Sun, 26 Apr 2026 00:00:00 GMT"}},{"type":"Feature","id":166,"geometry":{"type":"Point","coordinates":[-150.054853649322,61.1651256467277]},"properties":{"OBJECTID":166,"MarkerLocation":"Kincaid","EmergencyLocatorID":"K159","Milepost":null,"Kilometers":null,"PostType":"NSAASpecific","Sponsor":"NSAA ","InstallYear":2019,"MaintainedBy":"NSAA ","OwnedBy":"MOA ","POINT_X":-150.05483063,"POINT_Y":61.16512399,"PUBDATE":"Sun, 26 Apr 2026 00:00:00 GMT"}},{"type":"Feature","id":167,"geometry":{"type":"Point","coordinates":[-150.061846191079,61.1639019515201]},"properties":{"OBJECTID":167,"MarkerLocation":"Kincaid","EmergencyLocatorID":"K160","Milepost":null,"Kilometers":null,"PostType":"NSAASpecific","Sponsor":"NSAA ","InstallYear":2019,"MaintainedBy":"NSAA ","OwnedBy":"MOA ","POINT_X":-150.06182317,"POINT_Y":61.16390029,"PUBDATE":"Sun, 26 Apr 2026 00:00:00 GMT"}},{"type":"Feature","id":168,"geometry":{"type":"Point","coordinates":[-150.067289436795,61.1584970833969]},"properties":{"OBJECTID":168,"MarkerLocation":"Kincaid","EmergencyLocatorID":"K161","Milepost":null,"Kilometers":null,"PostType":"NSAASpecific","Sponsor":"NSAA ","InstallYear":2019,"MaintainedBy":"NSAA ","OwnedBy":"MOA ","POINT_X":-150.06726642,"POINT_Y":61.15849542,"PUBDATE":"Sun, 26 Apr 2026 00:00:00 GMT"}},{"type":"Feature","id":169,"geometry":{"type":"Point","coordinates":[-150.061169311919,61.1601120076775]},"properties":{"OBJECTID":169,"MarkerLocation":"Kincaid","EmergencyLocatorID":"K162","Milepost":null,"Kilometers":null,"PostType":"NSAASpecific","Sponsor":"NSAA ","InstallYear":2019,"MaintainedBy":"NSAA ","OwnedBy":"MOA ","POINT_X":-150.0611463,"POINT_Y":61.16011035,"PUBDATE":"Sun, 26 Apr 2026 00:00:00 GMT"}},{"type":"Feature","id":170,"geometry":{"type":"Point","coordinates":[-150.050684040546,61.1583052814988]},"properties":{"OBJECTID":170,"MarkerLocation":"Kincaid","EmergencyLocatorID":"K152","Milepost":null,"Kilometers":null,"PostType":"NSAASpecific","Sponsor":"NSAA ","InstallYear":2019,"MaintainedBy":"NSAA ","OwnedBy":"MOA ","POINT_X":-150.05066103,"POINT_Y":61.15830362,"PUBDATE":"Sun, 26 Apr 2026 00:00:00 GMT"}},{"type":"Feature","id":171,"geometry":{"type":"Point","coordinates":[-150.050671170827,61.1503871924947]},"properties":{"OBJECTID":171,"MarkerLocation":"Kincaid","EmergencyLocatorID":"K105","Milepost":null,"Kilometers":null,"PostType":"NSAASpecific","Sponsor":null,"InstallYear":2019,"MaintainedBy":null,"OwnedBy":null,"POINT_X":-150.05064816,"POINT_Y":61.15038553,"PUBDATE":"Sun, 26 Apr 2026 00:00:00 GMT"}},{"type":"Feature","id":172,"geometry":{"type":"Point","coordinates":[-150.048087832844,61.150718549987]},"properties":{"OBJECTID":172,"MarkerLocation":"Kincaid","EmergencyLocatorID":"K106","Milepost":null,"Kilometers":null,"PostType":"NSAASpecific","Sponsor":"NSAA ","InstallYear":2019,"MaintainedBy":"NSAA ","OwnedBy":"MOA ","POINT_X":-150.04806482,"POINT_Y":61.15071689,"PUBDATE":"Sun, 26 Apr 2026 00:00:00 GMT"}},{"type":"Feature","id":173,"geometry":{"type":"Point","coordinates":[-150.046397336695,61.150889859977]},"properties":{"OBJECTID":173,"MarkerLocation":"Kincaid","EmergencyLocatorID":"K107","Milepost":null,"Kilometers":null,"PostType":"NSAASpecific","Sponsor":"NSAA ","InstallYear":2019,"MaintainedBy":"NSAA ","OwnedBy":"MOA ","POINT_X":-150.04637433,"POINT_Y":61.1508882,"PUBDATE":"Sun, 26 Apr 2026 00:00:00 GMT"}},{"type":"Feature","id":174,"geometry":{"type":"Point","coordinates":[-150.04342878351,61.151777265522]},"properties":{"OBJECTID":174,"MarkerLocation":"Kincaid","EmergencyLocatorID":"K108","Milepost":null,"Kilometers":null,"PostType":"NSAASpecific","Sponsor":"NSAA ","InstallYear":2019,"MaintainedBy":"NSAA ","OwnedBy":"MOA ","POINT_X":-150.04340577,"POINT_Y":61.1517756,"PUBDATE":"Sun, 26 Apr 2026 00:00:00 GMT"}},{"type":"Feature","id":175,"geometry":{"type":"Point","coordinates":[-150.041337768681,61.1523661603442]},"properties":{"OBJECTID":175,"MarkerLocation":"Kincaid","EmergencyLocatorID":"K109","Milepost":null,"Kilometers":null,"PostType":"NSAASpecific","Sponsor":"NSAA ","InstallYear":2019,"MaintainedBy":"NSAA ","OwnedBy":"MOA ","POINT_X":-150.04131476,"POINT_Y":61.1523645,"PUBDATE":"Sun, 26 Apr 2026 00:00:00 GMT"}},{"type":"Feature","id":176,"geometry":{"type":"Point","coordinates":[-150.039278124673,61.1535776324749]},"properties":{"OBJECTID":176,"MarkerLocation":"Kincaid","EmergencyLocatorID":"K110","Milepost":null,"Kilometers":null,"PostType":"NSAASpecific","Sponsor":"NSAA ","InstallYear":2019,"MaintainedBy":"NSAA ","OwnedBy":"MOA ","POINT_X":-150.03925511,"POINT_Y":61.15357597,"PUBDATE":"Sun, 26 Apr 2026 00:00:00 GMT"}},{"type":"Feature","id":177,"geometry":{"type":"Point","coordinates":[-150.04595342061,61.1542886510686]},"properties":{"OBJECTID":177,"MarkerLocation":"Kincaid","EmergencyLocatorID":"K104","Milepost":null,"Kilometers":null,"PostType":"NSAASpecific","Sponsor":"NSAA ","InstallYear":2019,"MaintainedBy":"NSAA ","OwnedBy":"MOA ","POINT_X":-150.04593041,"POINT_Y":61.15428699,"PUBDATE":"Sun, 26 Apr 2026 00:00:00 GMT"}},{"type":"Feature","id":178,"geometry":{"type":"Point","coordinates":[-150.046460244865,61.1550839625651]},"properties":{"OBJECTID":178,"MarkerLocation":"Kincaid","EmergencyLocatorID":"K149","Milepost":null,"Kilometers":null,"PostType":"NSAASpecific","Sponsor":"NSAA ","InstallYear":2019,"MaintainedBy":"NSAA ","OwnedBy":"MOA ","POINT_X":-150.04643723,"POINT_Y":61.1550823,"PUBDATE":"Sun, 26 Apr 2026 00:00:00 GMT"}},{"type":"Feature","id":179,"geometry":{"type":"Point","coordinates":[-150.05097612073,61.156163643451]},"properties":{"OBJECTID":179,"MarkerLocation":"Kincaid","EmergencyLocatorID":"K150","Milepost":null,"Kilometers":null,"PostType":"NSAASpecific","Sponsor":null,"InstallYear":2019,"MaintainedBy":"NSAA","OwnedBy":null,"POINT_X":-150.05095311,"POINT_Y":61.15616198,"PUBDATE":"Sun, 26 Apr 2026 00:00:00 GMT"}},{"type":"Feature","id":180,"geometry":{"type":"Point","coordinates":[-150.052085732512,61.1572495269367]},"properties":{"OBJECTID":180,"MarkerLocation":"Kincaid","EmergencyLocatorID":"K151","Milepost":null,"Kilometers":null,"PostType":"NSAASpecific","Sponsor":"NSAA ","InstallYear":2019,"MaintainedBy":"NSAA","OwnedBy":"MOA ","POINT_X":-150.05206272,"POINT_Y":61.15724787,"PUBDATE":"Sun, 26 Apr 2026 00:00:00 GMT"}},{"type":"Feature","id":181,"geometry":{"type":"Point","coordinates":[-150.051434864298,61.1528436855124]},"properties":{"OBJECTID":181,"MarkerLocation":"Kincaid","EmergencyLocatorID":"K100","Milepost":null,"Kilometers":null,"PostType":"NSAASpecific","Sponsor":"NSAA ","InstallYear":2019,"MaintainedBy":"NSAA ","OwnedBy":"MOA ","POINT_X":-150.05141185,"POINT_Y":61.15284202,"PUBDATE":"Sun, 26 Apr 2026 00:00:00 GMT"}},{"type":"Feature","id":182,"geometry":{"type":"Point","coordinates":[-150.048299261977,61.1531497997633]},"properties":{"OBJECTID":182,"MarkerLocation":"Kincaid","EmergencyLocatorID":"K102","Milepost":null,"Kilometers":null,"PostType":"NSAASpecific","Sponsor":"NSAA ","InstallYear":2019,"MaintainedBy":"NSAA ","OwnedBy":"MOA ","POINT_X":-150.04827625,"POINT_Y":61.15314814,"PUBDATE":"Sun, 26 Apr 2026 00:00:00 GMT"}},{"type":"Feature","id":183,"geometry":{"type":"Point","coordinates":[-150.045483207338,61.1528955887957]},"properties":{"OBJECTID":183,"MarkerLocation":"Kincaid","EmergencyLocatorID":"K103","Milepost":null,"Kilometers":null,"PostType":"NSAASpecific","Sponsor":"NSAA ","InstallYear":2019,"MaintainedBy":"NSAA ","OwnedBy":"MOA ","POINT_X":-150.0454602,"POINT_Y":61.15289393,"PUBDATE":"Sun, 26 Apr 2026 00:00:00 GMT"}},{"type":"Feature","id":184,"geometry":{"type":"Point","coordinates":[-150.0383258815,61.1487107945052]},"properties":{"OBJECTID":184,"MarkerLocation":"Kincaid","EmergencyLocatorID":"K116","Milepost":null,"Kilometers":null,"PostType":"NSAASpecific","Sponsor":"NSAA ","InstallYear":2019,"MaintainedBy":"NSAA ","OwnedBy":"MOA ","POINT_X":-150.03830287,"POINT_Y":61.14870913,"PUBDATE":"Sun, 26 Apr 2026 00:00:00 GMT"}},{"type":"Feature","id":185,"geometry":{"type":"Point","coordinates":[-150.038663472584,61.1500368725409]},"properties":{"OBJECTID":185,"MarkerLocation":"Kincaid","EmergencyLocatorID":"K115","Milepost":null,"Kilometers":null,"PostType":"NSAASpecific","Sponsor":"NSAA ","InstallYear":2019,"MaintainedBy":"NSAA ","OwnedBy":"MOA ","POINT_X":-150.03864046,"POINT_Y":61.15003521,"PUBDATE":"Sun, 26 Apr 2026 00:00:00 GMT"}},{"type":"Feature","id":186,"geometry":{"type":"Point","coordinates":[-150.030192488382,61.1478431400622]},"properties":{"OBJECTID":186,"MarkerLocation":"Kincaid","EmergencyLocatorID":"K118","Milepost":null,"Kilometers":null,"PostType":"NSAASpecific","Sponsor":null,"InstallYear":null,"MaintainedBy":null,"OwnedBy":null,"POINT_X":-150.03016948,"POINT_Y":61.14784147,"PUBDATE":"Sun, 26 Apr 2026 00:00:00 GMT"}},{"type":"Feature","id":187,"geometry":{"type":"Point","coordinates":[-150.030595829796,61.1472522870335]},"properties":{"OBJECTID":187,"MarkerLocation":"Kincaid","EmergencyLocatorID":"K117","Milepost":null,"Kilometers":null,"PostType":"NSAASpecific","Sponsor":null,"InstallYear":null,"MaintainedBy":null,"OwnedBy":null,"POINT_X":-150.03057282,"POINT_Y":61.14725062,"PUBDATE":"Sun, 26 Apr 2026 00:00:00 GMT"}},{"type":"Feature","id":188,"geometry":{"type":"Point","coordinates":[-150.024359774065,61.1467560956797]},"properties":{"OBJECTID":188,"MarkerLocation":"Kincaid","EmergencyLocatorID":"K125","Milepost":null,"Kilometers":null,"PostType":"NSAASpecific","Sponsor":"NSAA","InstallYear":2019,"MaintainedBy":"NSAA","OwnedBy":"MOA","POINT_X":-150.02433677,"POINT_Y":61.14675443,"PUBDATE":"Sun, 26 Apr 2026 00:00:00 GMT"}},{"type":"Feature","id":189,"geometry":{"type":"Point","coordinates":[-150.023887081936,61.1459977559884]},"properties":{"OBJECTID":189,"MarkerLocation":"Kincaid","EmergencyLocatorID":"K126","Milepost":null,"Kilometers":null,"PostType":"NSAASpecific","Sponsor":"NSAA","InstallYear":2019,"MaintainedBy":"NSAA","OwnedBy":"MOA","POINT_X":-150.02386408,"POINT_Y":61.14599609,"PUBDATE":"Sun, 26 Apr 2026 00:00:00 GMT"}},{"type":"Feature","id":190,"geometry":{"type":"Point","coordinates":[-150.017668280589,61.1481973552652]},"properties":{"OBJECTID":190,"MarkerLocation":"Kincaid","EmergencyLocatorID":"K128","Milepost":null,"Kilometers":null,"PostType":"NSAASpecific","Sponsor":"NSAA","InstallYear":2019,"MaintainedBy":"NSAA","OwnedBy":"MOA","POINT_X":-150.01764527,"POINT_Y":61.14819569,"PUBDATE":"Sun, 26 Apr 2026 00:00:00 GMT"}},{"type":"Feature","id":191,"geometry":{"type":"Point","coordinates":[-150.019437355131,61.1494137261411]},"properties":{"OBJECTID":191,"MarkerLocation":"Kincaid","EmergencyLocatorID":"K127","Milepost":null,"Kilometers":null,"PostType":"NSAASpecific","Sponsor":"NSAA","InstallYear":2019,"MaintainedBy":"NSAA","OwnedBy":"MOA","POINT_X":-150.01941435,"POINT_Y":61.14941206,"PUBDATE":"Sun, 26 Apr 2026 00:00:00 GMT"}},{"type":"Feature","id":192,"geometry":{"type":"Point","coordinates":[-150.021324127688,61.1515854702049]},"properties":{"OBJECTID":192,"MarkerLocation":"Kincaid","EmergencyLocatorID":"K122","Milepost":null,"Kilometers":null,"PostType":"NSAASpecific","Sponsor":"NSAA","InstallYear":2019,"MaintainedBy":"NSAA","OwnedBy":"MOA","POINT_X":-150.02130112,"POINT_Y":61.1515838,"PUBDATE":"Sun, 26 Apr 2026 00:00:00 GMT"}},{"type":"Feature","id":193,"geometry":{"type":"Point","coordinates":[-150.027277053458,61.1512259764388]},"properties":{"OBJECTID":193,"MarkerLocation":"Kincaid","EmergencyLocatorID":"K120","Milepost":null,"Kilometers":null,"PostType":"NSAASpecific","Sponsor":"NSAA ","InstallYear":2019,"MaintainedBy":"NSAA ","OwnedBy":"MOA ","POINT_X":-150.02725404,"POINT_Y":61.15122431,"PUBDATE":"Sun, 26 Apr 2026 00:00:00 GMT"}},{"type":"Feature","id":194,"geometry":{"type":"Point","coordinates":[-150.028729111632,61.1496748029991]},"properties":{"OBJECTID":194,"MarkerLocation":"Kincaid","EmergencyLocatorID":"K119","Milepost":null,"Kilometers":null,"PostType":"NSAASpecific","Sponsor":null,"InstallYear":null,"MaintainedBy":null,"OwnedBy":null,"POINT_X":-150.0287061,"POINT_Y":61.14967314,"PUBDATE":"Sun, 26 Apr 2026 00:00:00 GMT"}},{"type":"Feature","id":195,"geometry":{"type":"Point","coordinates":[-150.034483858672,61.1542183522735]},"properties":{"OBJECTID":195,"MarkerLocation":"Kincaid","EmergencyLocatorID":"K112","Milepost":null,"Kilometers":null,"PostType":"NSAASpecific","Sponsor":"NSAA ","InstallYear":2019,"MaintainedBy":"NSAA ","OwnedBy":"MOA ","POINT_X":-150.03446085,"POINT_Y":61.15421669,"PUBDATE":"Sun, 26 Apr 2026 00:00:00 GMT"}},{"type":"Feature","id":196,"geometry":{"type":"Point","coordinates":[-150.036083489562,61.1568353071633]},"properties":{"OBJECTID":196,"MarkerLocation":"Kincaid","EmergencyLocatorID":"K145","Milepost":null,"Kilometers":null,"PostType":"NSAASpecific","Sponsor":"NSAA ","InstallYear":2019,"MaintainedBy":"NSAA ","OwnedBy":"MOA ","POINT_X":-150.03606048,"POINT_Y":61.15683364,"PUBDATE":"Sun, 26 Apr 2026 00:00:00 GMT"}},{"type":"Feature","id":197,"geometry":{"type":"Point","coordinates":[-150.034609363854,61.1568721494021]},"properties":{"OBJECTID":197,"MarkerLocation":"Kincaid","EmergencyLocatorID":"K144","Milepost":null,"Kilometers":null,"PostType":"NSAASpecific","Sponsor":"NSAA ","InstallYear":2019,"MaintainedBy":"NSAA ","OwnedBy":"MOA ","POINT_X":-150.03458635,"POINT_Y":61.15687049,"PUBDATE":"Sun, 26 Apr 2026 00:00:00 GMT"}},{"type":"Feature","id":198,"geometry":{"type":"Point","coordinates":[-150.033862378317,61.1584063609634]},"properties":{"OBJECTID":198,"MarkerLocation":"Kincaid","EmergencyLocatorID":"K143","Milepost":null,"Kilometers":null,"PostType":"NSAASpecific","Sponsor":"NSAA ","InstallYear":2019,"MaintainedBy":"NSAA ","OwnedBy":"MOA ","POINT_X":-150.03383936,"POINT_Y":61.1584047,"PUBDATE":"Sun, 26 Apr 2026 00:00:00 GMT"}},{"type":"Feature","id":199,"geometry":{"type":"Point","coordinates":[-150.036819548532,61.1587330087399]},"properties":{"OBJECTID":199,"MarkerLocation":"Kincaid","EmergencyLocatorID":"K146","Milepost":null,"Kilometers":null,"PostType":"NSAASpecific","Sponsor":"NSAA ","InstallYear":2019,"MaintainedBy":"NSAA ","OwnedBy":"MOA ","POINT_X":-150.03679653,"POINT_Y":61.15873134,"PUBDATE":"Sun, 26 Apr 2026 00:00:00 GMT"}},{"type":"Feature","id":200,"geometry":{"type":"Point","coordinates":[-150.043898377596,61.1592864789141]},"properties":{"OBJECTID":200,"MarkerLocation":"Kincaid","EmergencyLocatorID":"K147","Milepost":null,"Kilometers":null,"PostType":"NSAASpecific","Sponsor":"NSAA ","InstallYear":2019,"MaintainedBy":"NSAA ","OwnedBy":"MOA ","POINT_X":-150.04387536,"POINT_Y":61.15928482,"PUBDATE":"Sun, 26 Apr 2026 00:00:00 GMT"}},{"type":"Feature","id":201,"geometry":{"type":"Point","coordinates":[-150.045824556724,61.1580018805091]},"properties":{"OBJECTID":201,"MarkerLocation":"Kincaid","EmergencyLocatorID":"K148","Milepost":null,"Kilometers":null,"PostType":"NSAASpecific","Sponsor":"NSAA ","InstallYear":2019,"MaintainedBy":"NSAA ","OwnedBy":"MOA ","POINT_X":-150.04580154,"POINT_Y":61.15800022,"PUBDATE":"Sun, 26 Apr 2026 00:00:00 GMT"}},{"type":"Feature","id":202,"geometry":{"type":"Point","coordinates":[-150.029072071469,61.1532688130667]},"properties":{"OBJECTID":202,"MarkerLocation":"Kincaid","EmergencyLocatorID":"K142","Milepost":null,"Kilometers":null,"PostType":"NSAASpecific","Sponsor":"NSAA ","InstallYear":2019,"MaintainedBy":"NSAA ","OwnedBy":"MOA ","POINT_X":-150.02904906,"POINT_Y":61.15326715,"PUBDATE":"Sun, 26 Apr 2026 00:00:00 GMT"}},{"type":"Feature","id":203,"geometry":{"type":"Point","coordinates":[-150.02325764388,61.1533289071779]},"properties":{"OBJECTID":203,"MarkerLocation":"Kincaid","EmergencyLocatorID":"K132","Milepost":null,"Kilometers":null,"PostType":"NSAASpecific","Sponsor":"NSAA","InstallYear":2019,"MaintainedBy":"NSAA","OwnedBy":"MOA","POINT_X":-150.02323463,"POINT_Y":61.15332724,"PUBDATE":"Sun, 26 Apr 2026 00:00:00 GMT"}},{"type":"Feature","id":204,"geometry":{"type":"Point","coordinates":[-150.024520257586,61.1528644009184]},"properties":{"OBJECTID":204,"MarkerLocation":"Kincaid","EmergencyLocatorID":"K131","Milepost":null,"Kilometers":null,"PostType":"NSAASpecific","Sponsor":"NSAA","InstallYear":2019,"MaintainedBy":"NSAA","OwnedBy":"MOA","POINT_X":-150.02449725,"POINT_Y":61.15286273,"PUBDATE":"Sun, 26 Apr 2026 00:00:00 GMT"}},{"type":"Feature","id":205,"geometry":{"type":"Point","coordinates":[-149.909420483599,61.2171991788449]},"properties":{"OBJECTID":205,"MarkerLocation":"Coastal Trail","EmergencyLocatorID":null,"Milepost":null,"Kilometers":null,"PostType":"UserCounter","Sponsor":null,"InstallYear":null,"MaintainedBy":null,"OwnedBy":null,"POINT_X":-149.90939743,"POINT_Y":61.2171975,"PUBDATE":"Sun, 26 Apr 2026 00:00:00 GMT"}},{"type":"Feature","id":206,"geometry":{"type":"Point","coordinates":[-149.787365607479,61.2047428326253]},"properties":{"OBJECTID":206,"MarkerLocation":null,"EmergencyLocatorID":null,"Milepost":null,"Kilometers":null,"PostType":null,"Sponsor":null,"InstallYear":null,"MaintainedBy":null,"OwnedBy":null,"POINT_X":-149.78734256,"POINT_Y":61.20474113,"PUBDATE":"Sun, 26 Apr 2026 00:00:00 GMT"}},{"type":"Feature","id":207,"geometry":{"type":"Point","coordinates":[-149.782609707116,61.2031049605435]},"properties":{"OBJECTID":207,"MarkerLocation":"Russian Jack","EmergencyLocatorID":null,"Milepost":null,"Kilometers":null,"PostType":null,"Sponsor":null,"InstallYear":null,"MaintainedBy":null,"OwnedBy":null,"POINT_X":-149.78258666,"POINT_Y":61.20310326,"PUBDATE":"Sun, 26 Apr 2026 00:00:00 GMT"}},{"type":"Feature","id":208,"geometry":{"type":"Point","coordinates":[-150.017442720091,61.1542091919828]},"properties":{"OBJECTID":208,"MarkerLocation":"Kincaid","EmergencyLocatorID":null,"Milepost":1.5,"Kilometers":2.4,"PostType":null,"Sponsor":null,"InstallYear":null,"MaintainedBy":null,"OwnedBy":null,"POINT_X":-150.01741971,"POINT_Y":61.15420752,"PUBDATE":"Sun, 26 Apr 2026 00:00:00 GMT"}},{"type":"Feature","id":209,"geometry":{"type":"Point","coordinates":[-150.030056116857,61.1524147535359]},"properties":{"OBJECTID":209,"MarkerLocation":"Kincaid","EmergencyLocatorID":null,"Milepost":1,"Kilometers":1.6,"PostType":null,"Sponsor":null,"InstallYear":null,"MaintainedBy":null,"OwnedBy":null,"POINT_X":-150.03003311,"POINT_Y":61.15241309,"PUBDATE":"Sun, 26 Apr 2026 00:00:00 GMT"}},{"type":"Feature","id":210,"geometry":{"type":"Point","coordinates":[-150.04249114136,61.1538698334114]},"properties":{"OBJECTID":210,"MarkerLocation":"Kincaid","EmergencyLocatorID":null,"Milepost":0.5,"Kilometers":0.8,"PostType":null,"Sponsor":null,"InstallYear":null,"MaintainedBy":null,"OwnedBy":null,"POINT_X":-150.04246813,"POINT_Y":61.15386817,"PUBDATE":"Sun, 26 Apr 2026 00:00:00 GMT"}},{"type":"Feature","id":211,"geometry":{"type":"Point","coordinates":[-150.0498857382,61.1538157004989]},"properties":{"OBJECTID":211,"MarkerLocation":"Kincaid","EmergencyLocatorID":"K101","Milepost":null,"Kilometers":null,"PostType":"NSAASpecific","Sponsor":null,"InstallYear":null,"MaintainedBy":"NSAA","OwnedBy":null,"POINT_X":-150.04986273,"POINT_Y":61.15381404,"PUBDATE":"Sun, 26 Apr 2026 00:00:00 GMT"}},{"type":"Feature","id":212,"geometry":{"type":"Point","coordinates":[-150.047797575412,61.1731271266906]},"properties":{"OBJECTID":212,"MarkerLocation":"Coastal Trail","EmergencyLocatorID":null,"Milepost":null,"Kilometers":null,"PostType":"UserCounter","Sponsor":null,"InstallYear":null,"MaintainedBy":null,"OwnedBy":null,"POINT_X":-150.04777455,"POINT_Y":61.17312547,"PUBDATE":"Sun, 26 Apr 2026 00:00:00 GMT"}},{"type":"Feature","id":213,"geometry":{"type":"Point","coordinates":[-149.983583351298,61.1983035590206]},"properties":{"OBJECTID":213,"MarkerLocation":"Coastal Trail","EmergencyLocatorID":null,"Milepost":null,"Kilometers":null,"PostType":"UserCounter","Sponsor":null,"InstallYear":null,"MaintainedBy":null,"OwnedBy":null,"POINT_X":-149.98356031,"POINT_Y":61.19830189,"PUBDATE":"Sun, 26 Apr 2026 00:00:00 GMT"}},{"type":"Feature","id":214,"geometry":{"type":"Point","coordinates":[-149.966726667858,61.1997795851932]},"properties":{"OBJECTID":214,"MarkerLocation":null,"EmergencyLocatorID":null,"Milepost":null,"Kilometers":null,"PostType":"UserCounter","Sponsor":null,"InstallYear":null,"MaintainedBy":null,"OwnedBy":null,"POINT_X":-149.96670362,"POINT_Y":61.19977791,"PUBDATE":"Sun, 26 Apr 2026 00:00:00 GMT"}},{"type":"Feature","id":215,"geometry":{"type":"Point","coordinates":[-149.944270902998,61.2041661270001]},"properties":{"OBJECTID":215,"MarkerLocation":"Coastal Trail","EmergencyLocatorID":null,"Milepost":null,"Kilometers":null,"PostType":"UserCounter","Sponsor":null,"InstallYear":null,"MaintainedBy":null,"OwnedBy":null,"POINT_X":-149.94424786,"POINT_Y":61.20416445,"PUBDATE":"Sun, 26 Apr 2026 00:00:00 GMT"}},{"type":"Feature","id":216,"geometry":{"type":"Point","coordinates":[-149.934279670286,61.2058307754905]},"properties":{"OBJECTID":216,"MarkerLocation":"Coastal Trail","EmergencyLocatorID":null,"Milepost":null,"Kilometers":null,"PostType":"UserCounter","Sponsor":null,"InstallYear":null,"MaintainedBy":null,"OwnedBy":null,"POINT_X":-149.93425662,"POINT_Y":61.2058291,"PUBDATE":"Sun, 26 Apr 2026 00:00:00 GMT"}},{"type":"Feature","id":217,"geometry":{"type":"Point","coordinates":[-149.922151503963,61.2105790278621]},"properties":{"OBJECTID":217,"MarkerLocation":"Coastal Trail","EmergencyLocatorID":null,"Milepost":null,"Kilometers":null,"PostType":"UserCounter","Sponsor":null,"InstallYear":null,"MaintainedBy":null,"OwnedBy":null,"POINT_X":-149.92212845,"POINT_Y":61.21057735,"PUBDATE":"Sun, 26 Apr 2026 00:00:00 GMT"}},{"type":"Feature","id":218,"geometry":{"type":"Point","coordinates":[-149.913731015859,61.2060231985203]},"properties":{"OBJECTID":218,"MarkerLocation":"Chester Creek","EmergencyLocatorID":null,"Milepost":null,"Kilometers":null,"PostType":"UserCounter","Sponsor":null,"InstallYear":null,"MaintainedBy":null,"OwnedBy":null,"POINT_X":-149.91370797,"POINT_Y":61.20602152,"PUBDATE":"Sun, 26 Apr 2026 00:00:00 GMT"}},{"type":"Feature","id":219,"geometry":{"type":"Point","coordinates":[-149.905718541145,61.2057646538599]},"properties":{"OBJECTID":219,"MarkerLocation":"Chester Creek","EmergencyLocatorID":null,"Milepost":null,"Kilometers":null,"PostType":"UserCounter","Sponsor":null,"InstallYear":null,"MaintainedBy":null,"OwnedBy":null,"POINT_X":-149.90569549,"POINT_Y":61.20576297,"PUBDATE":"Sun, 26 Apr 2026 00:00:00 GMT"}},{"type":"Feature","id":220,"geometry":{"type":"Point","coordinates":[-149.895851978983,61.2045229160896]},"properties":{"OBJECTID":220,"MarkerLocation":"Chester Creek","EmergencyLocatorID":null,"Milepost":null,"Kilometers":null,"PostType":"UserCounter","Sponsor":null,"InstallYear":null,"MaintainedBy":null,"OwnedBy":null,"POINT_X":-149.89582893,"POINT_Y":61.20452123,"PUBDATE":"Sun, 26 Apr 2026 00:00:00 GMT"}},{"type":"Feature","id":221,"geometry":{"type":"Point","coordinates":[-149.884220202887,61.203346973082]},"properties":{"OBJECTID":221,"MarkerLocation":"Chester Creek","EmergencyLocatorID":null,"Milepost":null,"Kilometers":null,"PostType":"UserCounter","Sponsor":null,"InstallYear":null,"MaintainedBy":null,"OwnedBy":null,"POINT_X":-149.88419716,"POINT_Y":61.20334529,"PUBDATE":"Sun, 26 Apr 2026 00:00:00 GMT"}},{"type":"Feature","id":222,"geometry":{"type":"Point","coordinates":[-149.869638675217,61.2017395957802]},"properties":{"OBJECTID":222,"MarkerLocation":"Chester Creek","EmergencyLocatorID":null,"Milepost":null,"Kilometers":null,"PostType":"UserCounter","Sponsor":null,"InstallYear":null,"MaintainedBy":null,"OwnedBy":null,"POINT_X":-149.86961563,"POINT_Y":61.20173791,"PUBDATE":"Sun, 26 Apr 2026 00:00:00 GMT"}},{"type":"Feature","id":223,"geometry":{"type":"Point","coordinates":[-149.846171947274,61.2008244153353]},"properties":{"OBJECTID":223,"MarkerLocation":"Chester Creek","EmergencyLocatorID":null,"Milepost":null,"Kilometers":null,"PostType":"UserCounter","Sponsor":null,"InstallYear":null,"MaintainedBy":null,"OwnedBy":null,"POINT_X":-149.8461489,"POINT_Y":61.20082272,"PUBDATE":"Sun, 26 Apr 2026 00:00:00 GMT"}},{"type":"Feature","id":224,"geometry":{"type":"Point","coordinates":[-149.845974749207,61.2007896772237]},"properties":{"OBJECTID":224,"MarkerLocation":"Chester Creek","EmergencyLocatorID":null,"Milepost":null,"Kilometers":null,"PostType":null,"Sponsor":null,"InstallYear":null,"MaintainedBy":null,"OwnedBy":null,"POINT_X":-149.8459517,"POINT_Y":61.20078798,"PUBDATE":"Sun, 26 Apr 2026 00:00:00 GMT"}},{"type":"Feature","id":225,"geometry":{"type":"Point","coordinates":[-149.84365966792,61.20037479614]},"properties":{"OBJECTID":225,"MarkerLocation":"Chester Creek","EmergencyLocatorID":null,"Milepost":null,"Kilometers":null,"PostType":null,"Sponsor":null,"InstallYear":null,"MaintainedBy":null,"OwnedBy":null,"POINT_X":-149.84363662,"POINT_Y":61.2003731,"PUBDATE":"Sun, 26 Apr 2026 00:00:00 GMT"}},{"type":"Feature","id":226,"geometry":{"type":"Point","coordinates":[-149.836703571656,61.2008038361401]},"properties":{"OBJECTID":226,"MarkerLocation":"Chester Creek","EmergencyLocatorID":null,"Milepost":null,"Kilometers":null,"PostType":"UserCounter","Sponsor":null,"InstallYear":null,"MaintainedBy":null,"OwnedBy":null,"POINT_X":-149.83668053,"POINT_Y":61.20080214,"PUBDATE":"Sun, 26 Apr 2026 00:00:00 GMT"}},{"type":"Feature","id":227,"geometry":{"type":"Point","coordinates":[-149.824570487451,61.1996287901415]},"properties":{"OBJECTID":227,"MarkerLocation":"Chester Creek","EmergencyLocatorID":null,"Milepost":null,"Kilometers":null,"PostType":null,"Sponsor":null,"InstallYear":null,"MaintainedBy":null,"OwnedBy":null,"POINT_X":-149.82454744,"POINT_Y":61.19962709,"PUBDATE":"Sun, 26 Apr 2026 00:00:00 GMT"}},{"type":"Feature","id":228,"geometry":{"type":"Point","coordinates":[-149.822731825488,61.1992871075562]},"properties":{"OBJECTID":228,"MarkerLocation":"Chester Creek","EmergencyLocatorID":null,"Milepost":null,"Kilometers":null,"PostType":"Milepost","Sponsor":null,"InstallYear":null,"MaintainedBy":null,"OwnedBy":null,"POINT_X":-149.82270878,"POINT_Y":61.19928541,"PUBDATE":"Sun, 26 Apr 2026 00:00:00 GMT"}},{"type":"Feature","id":229,"geometry":{"type":"Point","coordinates":[-149.821113574099,61.1980959696544]},"properties":{"OBJECTID":229,"MarkerLocation":"Chester Creek","EmergencyLocatorID":null,"Milepost":null,"Kilometers":null,"PostType":null,"Sponsor":null,"InstallYear":null,"MaintainedBy":null,"OwnedBy":null,"POINT_X":-149.82109053,"POINT_Y":61.19809427,"PUBDATE":"Sun, 26 Apr 2026 00:00:00 GMT"}},{"type":"Feature","id":230,"geometry":{"type":"Point","coordinates":[-149.802918353347,61.1802163778343]},"properties":{"OBJECTID":230,"MarkerLocation":"Campbell Creek","EmergencyLocatorID":null,"Milepost":null,"Kilometers":null,"PostType":null,"Sponsor":null,"InstallYear":null,"MaintainedBy":null,"OwnedBy":null,"POINT_X":-149.80289532,"POINT_Y":61.18021468,"PUBDATE":"Sun, 26 Apr 2026 00:00:00 GMT"}},{"type":"Feature","id":231,"geometry":{"type":"Point","coordinates":[-149.807298859644,61.1768581514266]},"properties":{"OBJECTID":231,"MarkerLocation":"Campbell Creek","EmergencyLocatorID":null,"Milepost":null,"Kilometers":null,"PostType":null,"Sponsor":null,"InstallYear":null,"MaintainedBy":null,"OwnedBy":null,"POINT_X":-149.80727583,"POINT_Y":61.17685645,"PUBDATE":"Sun, 26 Apr 2026 00:00:00 GMT"}},{"type":"Feature","id":232,"geometry":{"type":"Point","coordinates":[-150.026101819305,61.1872086802442]},"properties":{"OBJECTID":232,"MarkerLocation":"Coastal Trail","EmergencyLocatorID":null,"Milepost":null,"Kilometers":null,"PostType":"UserCounter","Sponsor":null,"InstallYear":null,"MaintainedBy":null,"OwnedBy":null,"POINT_X":-150.02607879,"POINT_Y":61.18720702,"PUBDATE":"Sun, 26 Apr 2026 00:00:00 GMT"}},{"type":"Feature","id":233,"geometry":{"type":"Point","coordinates":[-149.900613734554,61.2049806115788]},"properties":{"OBJECTID":233,"MarkerLocation":"Chester Creek","EmergencyLocatorID":null,"Milepost":null,"Kilometers":null,"PostType":null,"Sponsor":null,"InstallYear":null,"MaintainedBy":null,"OwnedBy":null,"POINT_X":-149.90059069,"POINT_Y":61.20497893,"PUBDATE":"Sun, 26 Apr 2026 00:00:00 GMT"}},{"type":"Feature","id":234,"geometry":{"type":"Point","coordinates":[-149.899129086729,61.2051507270036]},"properties":{"OBJECTID":234,"MarkerLocation":"Chester Creek","EmergencyLocatorID":null,"Milepost":null,"Kilometers":null,"PostType":null,"Sponsor":null,"InstallYear":null,"MaintainedBy":null,"OwnedBy":null,"POINT_X":-149.89910604,"POINT_Y":61.20514904,"PUBDATE":"Sun, 26 Apr 2026 00:00:00 GMT"}},{"type":"Feature","id":235,"geometry":{"type":"Point","coordinates":[-149.796941525555,61.1801861161724]},"properties":{"OBJECTID":235,"MarkerLocation":"Campbell Creek","EmergencyLocatorID":null,"Milepost":null,"Kilometers":null,"PostType":null,"Sponsor":null,"InstallYear":null,"MaintainedBy":null,"OwnedBy":null,"POINT_X":-149.79691849,"POINT_Y":61.18018441,"PUBDATE":"Sun, 26 Apr 2026 00:00:00 GMT"}},{"type":"Feature","id":236,"geometry":{"type":"Point","coordinates":[-149.813394391018,61.1763876436721]},"properties":{"OBJECTID":236,"MarkerLocation":"Campbell Creek","EmergencyLocatorID":null,"Milepost":null,"Kilometers":null,"PostType":"Other","Sponsor":null,"InstallYear":null,"MaintainedBy":null,"OwnedBy":null,"POINT_X":-149.81337136,"POINT_Y":61.17638594,"PUBDATE":"Sun, 26 Apr 2026 00:00:00 GMT"}},{"type":"Feature","id":237,"geometry":{"type":"Point","coordinates":[-149.835735794922,61.1778597644766]},"properties":{"OBJECTID":237,"MarkerLocation":"Campbell Creek","EmergencyLocatorID":null,"Milepost":null,"Kilometers":null,"PostType":null,"Sponsor":null,"InstallYear":null,"MaintainedBy":null,"OwnedBy":null,"POINT_X":-149.83571277,"POINT_Y":61.17785807,"PUBDATE":"Sun, 26 Apr 2026 00:00:00 GMT"}},{"type":"Feature","id":238,"geometry":{"type":"Point","coordinates":[-149.823671333535,61.1773544578979]},"properties":{"OBJECTID":238,"MarkerLocation":"Campbell Creek","EmergencyLocatorID":null,"Milepost":null,"Kilometers":null,"PostType":null,"Sponsor":null,"InstallYear":null,"MaintainedBy":null,"OwnedBy":null,"POINT_X":-149.8236483,"POINT_Y":61.17735276,"PUBDATE":"Sun, 26 Apr 2026 00:00:00 GMT"}},{"type":"Feature","id":239,"geometry":{"type":"Point","coordinates":[-149.826819303863,61.1779255223004]},"properties":{"OBJECTID":239,"MarkerLocation":"Campbell Creek","EmergencyLocatorID":null,"Milepost":null,"Kilometers":null,"PostType":null,"Sponsor":null,"InstallYear":null,"MaintainedBy":null,"OwnedBy":null,"POINT_X":-149.82679627,"POINT_Y":61.17792383,"PUBDATE":"Sun, 26 Apr 2026 00:00:00 GMT"}},{"type":"Feature","id":240,"geometry":{"type":"Point","coordinates":[-149.830906416824,61.1779902536856]},"properties":{"OBJECTID":240,"MarkerLocation":"Campbell Creek","EmergencyLocatorID":null,"Milepost":null,"Kilometers":null,"PostType":null,"Sponsor":null,"InstallYear":null,"MaintainedBy":null,"OwnedBy":null,"POINT_X":-149.83088339,"POINT_Y":61.17798856,"PUBDATE":"Sun, 26 Apr 2026 00:00:00 GMT"}},{"type":"Feature","id":241,"geometry":{"type":"Point","coordinates":[-149.83781202928,61.1773458087118]},"properties":{"OBJECTID":241,"MarkerLocation":"Campbell Creek","EmergencyLocatorID":null,"Milepost":null,"Kilometers":null,"PostType":null,"Sponsor":null,"InstallYear":null,"MaintainedBy":null,"OwnedBy":null,"POINT_X":-149.837789,"POINT_Y":61.17734411,"PUBDATE":"Sun, 26 Apr 2026 00:00:00 GMT"}},{"type":"Feature","id":242,"geometry":{"type":"Point","coordinates":[-149.853590907153,61.1769668874543]},"properties":{"OBJECTID":242,"MarkerLocation":"Campbell Creek","EmergencyLocatorID":null,"Milepost":null,"Kilometers":null,"PostType":null,"Sponsor":null,"InstallYear":null,"MaintainedBy":null,"OwnedBy":null,"POINT_X":-149.85356788,"POINT_Y":61.17696519,"PUBDATE":"Sun, 26 Apr 2026 00:00:00 GMT"}},{"type":"Feature","id":243,"geometry":{"type":"Point","coordinates":[-149.854291636688,61.1758854700244]},"properties":{"OBJECTID":243,"MarkerLocation":"Campbell Creek","EmergencyLocatorID":null,"Milepost":null,"Kilometers":null,"PostType":null,"Sponsor":null,"InstallYear":null,"MaintainedBy":null,"OwnedBy":null,"POINT_X":-149.85426861,"POINT_Y":61.17588378,"PUBDATE":"Sun, 26 Apr 2026 00:00:00 GMT"}},{"type":"Feature","id":244,"geometry":{"type":"Point","coordinates":[-149.867240190203,61.1722431948199]},"properties":{"OBJECTID":244,"MarkerLocation":"Campbell Creek","EmergencyLocatorID":null,"Milepost":null,"Kilometers":null,"PostType":null,"Sponsor":null,"InstallYear":null,"MaintainedBy":null,"OwnedBy":null,"POINT_X":-149.86721716,"POINT_Y":61.1722415,"PUBDATE":"Sun, 26 Apr 2026 00:00:00 GMT"}},{"type":"Feature","id":245,"geometry":{"type":"Point","coordinates":[-149.871779340427,61.1703574983637]},"properties":{"OBJECTID":245,"MarkerLocation":"Campbell Creek","EmergencyLocatorID":null,"Milepost":null,"Kilometers":null,"PostType":null,"Sponsor":null,"InstallYear":null,"MaintainedBy":null,"OwnedBy":null,"POINT_X":-149.87175632,"POINT_Y":61.17035581,"PUBDATE":"Sun, 26 Apr 2026 00:00:00 GMT"}},{"type":"Feature","id":246,"geometry":{"type":"Point","coordinates":[-149.877232325918,61.1639775287054]},"properties":{"OBJECTID":246,"MarkerLocation":"Campbell Creek","EmergencyLocatorID":null,"Milepost":null,"Kilometers":null,"PostType":null,"Sponsor":null,"InstallYear":null,"MaintainedBy":null,"OwnedBy":null,"POINT_X":-149.87720931,"POINT_Y":61.16397584,"PUBDATE":"Sun, 26 Apr 2026 00:00:00 GMT"}},{"type":"Feature","id":247,"geometry":{"type":"Point","coordinates":[-149.874490429634,61.1559924615148]},"properties":{"OBJECTID":247,"MarkerLocation":"Campbell Creek","EmergencyLocatorID":null,"Milepost":null,"Kilometers":null,"PostType":"UserCounter","Sponsor":null,"InstallYear":null,"MaintainedBy":null,"OwnedBy":null,"POINT_X":-149.87446742,"POINT_Y":61.15599077,"PUBDATE":"Sun, 26 Apr 2026 00:00:00 GMT"}},{"type":"Feature","id":248,"geometry":{"type":"Point","coordinates":[-149.888800901037,61.1483053041261]},"properties":{"OBJECTID":248,"MarkerLocation":"Campbell Creek","EmergencyLocatorID":null,"Milepost":null,"Kilometers":null,"PostType":"UserCounter","Sponsor":null,"InstallYear":null,"MaintainedBy":null,"OwnedBy":null,"POINT_X":-149.88877789,"POINT_Y":61.14830362,"PUBDATE":"Sun, 26 Apr 2026 00:00:00 GMT"}},{"type":"Feature","id":249,"geometry":{"type":"Point","coordinates":[-149.89996525989,61.1434915871619]},"properties":{"OBJECTID":249,"MarkerLocation":"Campbell Creek","EmergencyLocatorID":null,"Milepost":null,"Kilometers":null,"PostType":"UserCounter","Sponsor":null,"InstallYear":null,"MaintainedBy":null,"OwnedBy":null,"POINT_X":-149.89994225,"POINT_Y":61.1434899,"PUBDATE":"Sun, 26 Apr 2026 00:00:00 GMT"}},{"type":"Feature","id":250,"geometry":{"type":"Point","coordinates":[-149.918821490538,61.1410834679616]},"properties":{"OBJECTID":250,"MarkerLocation":"Campbell Creek","EmergencyLocatorID":null,"Milepost":null,"Kilometers":null,"PostType":"UserCounter","Sponsor":null,"InstallYear":null,"MaintainedBy":null,"OwnedBy":null,"POINT_X":-149.91879849,"POINT_Y":61.14108178,"PUBDATE":"Sun, 26 Apr 2026 00:00:00 GMT"}},{"type":"Feature","id":251,"geometry":{"type":"Point","coordinates":[-150.043893019774,61.1526294455789]},"properties":{"OBJECTID":251,"MarkerLocation":"Kincaid ","EmergencyLocatorID":"K10","Milepost":null,"Kilometers":null,"PostType":"STASpecific","Sponsor":null,"InstallYear":2011,"MaintainedBy":null,"OwnedBy":null,"POINT_X":-150.04387001,"POINT_Y":61.15262778,"PUBDATE":"Sun, 26 Apr 2026 00:00:00 GMT"}},{"type":"Feature","id":252,"geometry":{"type":"Point","coordinates":[-150.02562531799,61.1469149737832]},"properties":{"OBJECTID":252,"MarkerLocation":null,"EmergencyLocatorID":"K16","Milepost":null,"Kilometers":null,"PostType":"STASpecific","Sponsor":null,"InstallYear":null,"MaintainedBy":"Single track advocates","OwnedBy":null,"POINT_X":-150.02560231,"POINT_Y":61.14691331,"PUBDATE":"Sun, 26 Apr 2026 00:00:00 GMT"}},{"type":"Feature","id":253,"geometry":{"type":"Point","coordinates":[-150.01870864504,61.1552034751253]},"properties":{"OBJECTID":253,"MarkerLocation":"Kincaid","EmergencyLocatorID":"K136","Milepost":null,"Kilometers":null,"PostType":"NSAASpecific","Sponsor":"NSAA","InstallYear":2019,"MaintainedBy":"NSAA","OwnedBy":"MOA","POINT_X":-150.01868563,"POINT_Y":61.15520181,"PUBDATE":"Sun, 26 Apr 2026 00:00:00 GMT"}},{"type":"Feature","id":254,"geometry":{"type":"Point","coordinates":[-150.019057749975,61.1547406527177]},"properties":{"OBJECTID":254,"MarkerLocation":"Kincaid","EmergencyLocatorID":"K135","Milepost":null,"Kilometers":null,"PostType":"NSAASpecific","Sponsor":null,"InstallYear":2019,"MaintainedBy":"NSAA","OwnedBy":null,"POINT_X":-150.01903474,"POINT_Y":61.15473899,"PUBDATE":"Sun, 26 Apr 2026 00:00:00 GMT"}},{"type":"Feature","id":255,"geometry":{"type":"Point","coordinates":[-150.020235436255,61.1549113542452]},"properties":{"OBJECTID":255,"MarkerLocation":"Kincaid","EmergencyLocatorID":"K134","Milepost":null,"Kilometers":null,"PostType":"NSAASpecific","Sponsor":null,"InstallYear":2019,"MaintainedBy":"NSAA","OwnedBy":null,"POINT_X":-150.02021242,"POINT_Y":61.15490969,"PUBDATE":"Sun, 26 Apr 2026 00:00:00 GMT"}},{"type":"Feature","id":256,"geometry":{"type":"Point","coordinates":[-150.020085746448,61.1542110370798]},"properties":{"OBJECTID":256,"MarkerLocation":"Kincaid","EmergencyLocatorID":"K133","Milepost":null,"Kilometers":null,"PostType":"NSAASpecific","Sponsor":null,"InstallYear":2019,"MaintainedBy":"NSAA","OwnedBy":null,"POINT_X":-150.02006274,"POINT_Y":61.15420937,"PUBDATE":"Sun, 26 Apr 2026 00:00:00 GMT"}},{"type":"Feature","id":257,"geometry":{"type":"Point","coordinates":[-150.01664860535,61.1546036402747]},"properties":{"OBJECTID":257,"MarkerLocation":"Kincaid","EmergencyLocatorID":"K124","Milepost":null,"Kilometers":null,"PostType":"NSAASpecific","Sponsor":null,"InstallYear":2019,"MaintainedBy":"NSAA","OwnedBy":"MOA","POINT_X":-150.01662559,"POINT_Y":61.15460197,"PUBDATE":"Sun, 26 Apr 2026 00:00:00 GMT"}},{"type":"Feature","id":258,"geometry":{"type":"Point","coordinates":[-150.019451372437,61.1523929026732]},"properties":{"OBJECTID":258,"MarkerLocation":"Kincaid","EmergencyLocatorID":"K123","Milepost":null,"Kilometers":null,"PostType":"NSAASpecific","Sponsor":null,"InstallYear":2019,"MaintainedBy":"NSAA","OwnedBy":"MOA","POINT_X":-150.01942836,"POINT_Y":61.15239124,"PUBDATE":"Sun, 26 Apr 2026 00:00:00 GMT"}},{"type":"Feature","id":259,"geometry":{"type":"Point","coordinates":[-150.014950181585,61.1475148456923]},"properties":{"OBJECTID":259,"MarkerLocation":"Kincaid","EmergencyLocatorID":"K130","Milepost":null,"Kilometers":null,"PostType":"NSAASpecific","Sponsor":"NSAA","InstallYear":2019,"MaintainedBy":"NSAA","OwnedBy":"MOA","POINT_X":-150.01492717,"POINT_Y":61.14751318,"PUBDATE":"Sun, 26 Apr 2026 00:00:00 GMT"}},{"type":"Feature","id":260,"geometry":{"type":"Point","coordinates":[-150.016221520708,61.1473041131321]},"properties":{"OBJECTID":260,"MarkerLocation":"Kincaid","EmergencyLocatorID":"K129","Milepost":null,"Kilometers":null,"PostType":"NSAASpecific","Sponsor":"NSAA","InstallYear":2019,"MaintainedBy":"NSAA","OwnedBy":"MOA","POINT_X":-150.01619851,"POINT_Y":61.14730245,"PUBDATE":"Sun, 26 Apr 2026 00:00:00 GMT"}},{"type":"Feature","id":261,"geometry":{"type":"Point","coordinates":[-150.024291421478,61.1517340783735]},"properties":{"OBJECTID":261,"MarkerLocation":"Kincaid","EmergencyLocatorID":"K121","Milepost":null,"Kilometers":null,"PostType":"NSAASpecific","Sponsor":"NSAA","InstallYear":2019,"MaintainedBy":"NSAA","OwnedBy":"MOA","POINT_X":-150.02426841,"POINT_Y":61.15173241,"PUBDATE":"Sun, 26 Apr 2026 00:00:00 GMT"}},{"type":"Feature","id":262,"geometry":{"type":"Point","coordinates":[-150.025594344009,61.1565307460169]},"properties":{"OBJECTID":262,"MarkerLocation":"Kincaid","EmergencyLocatorID":"K141","Milepost":null,"Kilometers":null,"PostType":"NSAASpecific","Sponsor":"NSAA ","InstallYear":2019,"MaintainedBy":"NSAA ","OwnedBy":"MOA ","POINT_X":-150.02557133,"POINT_Y":61.15652908,"PUBDATE":"Sun, 26 Apr 2026 00:00:00 GMT"}},{"type":"Feature","id":263,"geometry":{"type":"Point","coordinates":[-150.021999296723,61.1622745303874]},"properties":{"OBJECTID":263,"MarkerLocation":"Kincaid","EmergencyLocatorID":"K139","Milepost":null,"Kilometers":null,"PostType":"NSAASpecific","Sponsor":"NSAA","InstallYear":2019,"MaintainedBy":"NSAA ","OwnedBy":"MOA ","POINT_X":-150.02197628,"POINT_Y":61.16227286,"PUBDATE":"Sun, 26 Apr 2026 00:00:00 GMT"}},{"type":"Feature","id":264,"geometry":{"type":"Point","coordinates":[-150.01688054046,61.1599260822528]},"properties":{"OBJECTID":264,"MarkerLocation":"Kincaid","EmergencyLocatorID":"K138","Milepost":null,"Kilometers":null,"PostType":"NSAASpecific","Sponsor":"NSAA ","InstallYear":2019,"MaintainedBy":"NSAA ","OwnedBy":"MOA ","POINT_X":-150.01685753,"POINT_Y":61.15992442,"PUBDATE":"Sun, 26 Apr 2026 00:00:00 GMT"}},{"type":"Feature","id":265,"geometry":{"type":"Point","coordinates":[-150.018370930181,61.1591898781652]},"properties":{"OBJECTID":265,"MarkerLocation":"Kincaid","EmergencyLocatorID":"K137","Milepost":null,"Kilometers":null,"PostType":"NSAASpecific","Sponsor":"NSAA ","InstallYear":2019,"MaintainedBy":"NSAA ","OwnedBy":"MOA ","POINT_X":-150.01834792,"POINT_Y":61.15918821,"PUBDATE":"Sun, 26 Apr 2026 00:00:00 GMT"}},{"type":"Feature","id":266,"geometry":{"type":"Point","coordinates":[-150.02409338022,61.1636202634254]},"properties":{"OBJECTID":266,"MarkerLocation":"Kincaid","EmergencyLocatorID":"K140","Milepost":null,"Kilometers":null,"PostType":"NSAASpecific","Sponsor":"NSAA ","InstallYear":2019,"MaintainedBy":"NSAA ","OwnedBy":"MOA ","POINT_X":-150.02407036,"POINT_Y":61.1636186,"PUBDATE":"Sun, 26 Apr 2026 00:00:00 GMT"}},{"type":"Feature","id":267,"geometry":{"type":"Point","coordinates":[-149.887628394504,61.2235471130657]},"properties":{"OBJECTID":267,"MarkerLocation":"Ship Creek","EmergencyLocatorID":"SC01","Milepost":0,"Kilometers":null,"PostType":"Milepost","Sponsor":"Anchorage Park Foundation","InstallYear":2018,"MaintainedBy":"MOA ","OwnedBy":"MOA ","POINT_X":-149.88760533,"POINT_Y":61.22354543,"PUBDATE":"Sun, 26 Apr 2026 00:00:00 GMT"}},{"type":"Feature","id":268,"geometry":{"type":"Point","coordinates":[-149.871301283323,61.2238606955549]},"properties":{"OBJECTID":268,"MarkerLocation":"Ship Creek","EmergencyLocatorID":"SC04","Milepost":0.5,"Kilometers":null,"PostType":"Milepost","Sponsor":"Law Offices Dillon & Findley ","InstallYear":2018,"MaintainedBy":"MOA ","OwnedBy":"MOA ","POINT_X":-149.87127822,"POINT_Y":61.22385901,"PUBDATE":"Sun, 26 Apr 2026 00:00:00 GMT"}},{"type":"Feature","id":269,"geometry":{"type":"Point","coordinates":[-149.860767169947,61.2225492057394]},"properties":{"OBJECTID":269,"MarkerLocation":"Ship Creek","EmergencyLocatorID":"SC05","Milepost":1,"Kilometers":null,"PostType":null,"Sponsor":"None","InstallYear":2018,"MaintainedBy":"MOA ","OwnedBy":"MOA ","POINT_X":-149.86074411,"POINT_Y":61.22254752,"PUBDATE":"Sun, 26 Apr 2026 00:00:00 GMT"}},{"type":"Feature","id":270,"geometry":{"type":"Point","coordinates":[-149.851783907992,61.2244091531143]},"properties":{"OBJECTID":270,"MarkerLocation":"Ship Creek","EmergencyLocatorID":"SC06","Milepost":null,"Kilometers":null,"PostType":"PDIR2","Sponsor":"None","InstallYear":2018,"MaintainedBy":"MOA ","OwnedBy":"MOA ","POINT_X":-149.85176085,"POINT_Y":61.22440746,"PUBDATE":"Sun, 26 Apr 2026 00:00:00 GMT"}},{"type":"Feature","id":271,"geometry":{"type":"Point","coordinates":[-149.847333057995,61.2243250689658]},"properties":{"OBJECTID":271,"MarkerLocation":"Ship Creek","EmergencyLocatorID":"SC07","Milepost":1.5,"Kilometers":null,"PostType":"Milepost","Sponsor":"None","InstallYear":2018,"MaintainedBy":"MOA ","OwnedBy":"MOA ","POINT_X":-149.84731,"POINT_Y":61.22432338,"PUBDATE":"Sun, 26 Apr 2026 00:00:00 GMT"}},{"type":"Feature","id":272,"geometry":{"type":"Point","coordinates":[-149.836019506076,61.2257941562534]},"properties":{"OBJECTID":272,"MarkerLocation":"Ship Creek","EmergencyLocatorID":"SC08","Milepost":2,"Kilometers":null,"PostType":"Milepost","Sponsor":"None","InstallYear":2018,"MaintainedBy":"MOA ","OwnedBy":"MOA ","POINT_X":-149.83599644,"POINT_Y":61.22579246,"PUBDATE":"Sun, 26 Apr 2026 00:00:00 GMT"}},{"type":"Feature","id":273,"geometry":{"type":"Point","coordinates":[-149.832791002708,61.2259664870659]},"properties":{"OBJECTID":273,"MarkerLocation":"Ship Creek","EmergencyLocatorID":"SC09","Milepost":null,"Kilometers":null,"PostType":"PDIR2","Sponsor":"None","InstallYear":2018,"MaintainedBy":"MOA ","OwnedBy":"MOA ","POINT_X":-149.83276794,"POINT_Y":61.22596479,"PUBDATE":"Sun, 26 Apr 2026 00:00:00 GMT"}},{"type":"Feature","id":274,"geometry":{"type":"Point","coordinates":[-149.830684360328,61.227563533745]},"properties":{"OBJECTID":274,"MarkerLocation":"Ship Creek","EmergencyLocatorID":"SC10","Milepost":null,"Kilometers":null,"PostType":"PDIR2","Sponsor":"None","InstallYear":2018,"MaintainedBy":"MOA ","OwnedBy":"MOA ","POINT_X":-149.8306613,"POINT_Y":61.22756184,"PUBDATE":"Sun, 26 Apr 2026 00:00:00 GMT"}},{"type":"Feature","id":275,"geometry":{"type":"Point","coordinates":[-149.830687788522,61.2274043434228]},"properties":{"OBJECTID":275,"MarkerLocation":"Ship Creek","EmergencyLocatorID":null,"Milepost":null,"Kilometers":null,"PostType":"PDIR2","Sponsor":null,"InstallYear":2018,"MaintainedBy":"MOA ","OwnedBy":"MOA ","POINT_X":-149.83066472,"POINT_Y":61.22740265,"PUBDATE":"Sun, 26 Apr 2026 00:00:00 GMT"}},{"type":"Feature","id":276,"geometry":{"type":"Point","coordinates":[-149.829061374134,61.2262547537554]},"properties":{"OBJECTID":276,"MarkerLocation":"Ship Creek","EmergencyLocatorID":"SC11","Milepost":2.5,"Kilometers":null,"PostType":"Milepost","Sponsor":"Anchorage Community Land Trust","InstallYear":2018,"MaintainedBy":"MOA ","OwnedBy":"MOA ","POINT_X":-149.82903831,"POINT_Y":61.22625306,"PUBDATE":"Sun, 26 Apr 2026 00:00:00 GMT"}},{"type":"Feature","id":277,"geometry":{"type":"Point","coordinates":[-149.829056245867,61.2260858148479]},"properties":{"OBJECTID":277,"MarkerLocation":"Ship Creek","EmergencyLocatorID":null,"Milepost":null,"Kilometers":null,"PostType":"NGATE1","Sponsor":null,"InstallYear":2018,"MaintainedBy":"MOA ","OwnedBy":"MOA ","POINT_X":-149.82903318,"POINT_Y":61.22608412,"PUBDATE":"Sun, 26 Apr 2026 00:00:00 GMT"}},{"type":"Feature","id":278,"geometry":{"type":"Point","coordinates":[-150.035245975513,61.1512491458375]},"properties":{"OBJECTID":278,"MarkerLocation":"Kincaid Park","EmergencyLocatorID":"K114","Milepost":null,"Kilometers":null,"PostType":"NSAASpecific","Sponsor":"NSAA ","InstallYear":2019,"MaintainedBy":"NSAA ","OwnedBy":"MOA ","POINT_X":-150.03522297,"POINT_Y":61.15124748,"PUBDATE":"Sun, 26 Apr 2026 00:00:00 GMT"}},{"type":"Feature","id":279,"geometry":{"type":"Point","coordinates":[-150.034912873393,61.1519375903345]},"properties":{"OBJECTID":279,"MarkerLocation":"Kincaid Park","EmergencyLocatorID":"K113","Milepost":null,"Kilometers":null,"PostType":"NSAASpecific","Sponsor":"NSAA ","InstallYear":2019,"MaintainedBy":"NSAA ","OwnedBy":"MOA ","POINT_X":-150.03488986,"POINT_Y":61.15193593,"PUBDATE":"Sun, 26 Apr 2026 00:00:00 GMT"}},{"type":"Feature","id":280,"geometry":{"type":"Point","coordinates":[-150.036413052492,61.1534133624215]},"properties":{"OBJECTID":280,"MarkerLocation":"Kincaid Park","EmergencyLocatorID":"K111","Milepost":null,"Kilometers":null,"PostType":"NSAASpecific","Sponsor":"NSAA ","InstallYear":2019,"MaintainedBy":"NSAA ","OwnedBy":"MOA ","POINT_X":-150.03639004,"POINT_Y":61.1534117,"PUBDATE":"Sun, 26 Apr 2026 00:00:00 GMT"}},{"type":"Feature","id":281,"geometry":{"type":"Point","coordinates":[-149.82928487948,61.1995410671197]},"properties":{"OBJECTID":281,"MarkerLocation":"Chester Cr ST","EmergencyLocatorID":null,"Milepost":null,"Kilometers":null,"PostType":"STASpecific","Sponsor":null,"InstallYear":2019,"MaintainedBy":"MOA","OwnedBy":"MOA","POINT_X":-149.82926183,"POINT_Y":61.19953937,"PUBDATE":"Sun, 26 Apr 2026 00:00:00 GMT"}},{"type":"Feature","id":282,"geometry":{"type":"Point","coordinates":[-149.835486001255,61.2009051195741]},"properties":{"OBJECTID":282,"MarkerLocation":"Chester Cr ST","EmergencyLocatorID":null,"Milepost":null,"Kilometers":null,"PostType":"STASpecific","Sponsor":null,"InstallYear":2019,"MaintainedBy":"MOA","OwnedBy":"MOA","POINT_X":-149.83546296,"POINT_Y":61.20090343,"PUBDATE":"Sun, 26 Apr 2026 00:00:00 GMT"}},{"type":"Feature","id":283,"geometry":{"type":"Point","coordinates":[-149.861309894329,61.2009558266545]},"properties":{"OBJECTID":283,"MarkerLocation":"Chester Cr ST","EmergencyLocatorID":null,"Milepost":null,"Kilometers":null,"PostType":"STASpecific","Sponsor":null,"InstallYear":2019,"MaintainedBy":"MOA","OwnedBy":"MOA","POINT_X":-149.86128685,"POINT_Y":61.20095414,"PUBDATE":"Sun, 26 Apr 2026 00:00:00 GMT"}},{"type":"Feature","id":284,"geometry":{"type":"Point","coordinates":[-149.863312632084,61.2009656384076]},"properties":{"OBJECTID":284,"MarkerLocation":"Chester Cr ST","EmergencyLocatorID":null,"Milepost":null,"Kilometers":null,"PostType":"STASpecific","Sponsor":null,"InstallYear":2019,"MaintainedBy":"MOA","OwnedBy":"MOA","POINT_X":-149.86328959,"POINT_Y":61.20096395,"PUBDATE":"Sun, 26 Apr 2026 00:00:00 GMT"}},{"type":"Feature","id":285,"geometry":{"type":"Point","coordinates":[-149.875821943491,61.2023066786319]},"properties":{"OBJECTID":285,"MarkerLocation":"Chester Cr ST","EmergencyLocatorID":null,"Milepost":null,"Kilometers":null,"PostType":"STASpecific","Sponsor":null,"InstallYear":2019,"MaintainedBy":"MOA","OwnedBy":"MOA","POINT_X":-149.8757989,"POINT_Y":61.20230499,"PUBDATE":"Sun, 26 Apr 2026 00:00:00 GMT"}},{"type":"Feature","id":286,"geometry":{"type":"Point","coordinates":[-149.878805481626,61.202940970489]},"properties":{"OBJECTID":286,"MarkerLocation":"Chester Cr ST","EmergencyLocatorID":null,"Milepost":null,"Kilometers":null,"PostType":"STASpecific","Sponsor":null,"InstallYear":2019,"MaintainedBy":"MOA","OwnedBy":"MOA","POINT_X":-149.87878243,"POINT_Y":61.20293928,"PUBDATE":"Sun, 26 Apr 2026 00:00:00 GMT"}},{"type":"Feature","id":287,"geometry":{"type":"Point","coordinates":[-149.878720603054,61.2031314803443]},"properties":{"OBJECTID":287,"MarkerLocation":"Chester Cr ST","EmergencyLocatorID":null,"Milepost":null,"Kilometers":null,"PostType":"STASpecific","Sponsor":null,"InstallYear":2019,"MaintainedBy":"MOA","OwnedBy":"MOA","POINT_X":-149.87869756,"POINT_Y":61.20312979,"PUBDATE":"Sun, 26 Apr 2026 00:00:00 GMT"}},{"type":"Feature","id":288,"geometry":{"type":"Point","coordinates":[-149.881820683547,61.2032740696747]},"properties":{"OBJECTID":288,"MarkerLocation":"Chester Cr ST","EmergencyLocatorID":null,"Milepost":null,"Kilometers":null,"PostType":"STASpecific","Sponsor":null,"InstallYear":2019,"MaintainedBy":"MOA","OwnedBy":"MOA","POINT_X":-149.88179764,"POINT_Y":61.20327238,"PUBDATE":"Sun, 26 Apr 2026 00:00:00 GMT"}},{"type":"Feature","id":289,"geometry":{"type":"Point","coordinates":[-149.888395273403,61.2035713133944]},"properties":{"OBJECTID":289,"MarkerLocation":"Chester Cr ST","EmergencyLocatorID":null,"Milepost":null,"Kilometers":null,"PostType":"STASpecific","Sponsor":null,"InstallYear":2019,"MaintainedBy":"MOA","OwnedBy":"MOA","POINT_X":-149.88837223,"POINT_Y":61.20356963,"PUBDATE":"Sun, 26 Apr 2026 00:00:00 GMT"}},{"type":"Feature","id":290,"geometry":{"type":"Point","coordinates":[-149.889547885924,61.2036090783518]},"properties":{"OBJECTID":290,"MarkerLocation":"Chester Cr ST","EmergencyLocatorID":null,"Milepost":null,"Kilometers":null,"PostType":"STASpecific","Sponsor":null,"InstallYear":2019,"MaintainedBy":"MOA","OwnedBy":"MOA","POINT_X":-149.88952484,"POINT_Y":61.20360739,"PUBDATE":"Sun, 26 Apr 2026 00:00:00 GMT"}},{"type":"Feature","id":291,"geometry":{"type":"Point","coordinates":[-149.891113237788,61.2060794670851]},"properties":{"OBJECTID":291,"MarkerLocation":"Chester Cr ST","EmergencyLocatorID":null,"Milepost":null,"Kilometers":null,"PostType":"STASpecific","Sponsor":null,"InstallYear":2019,"MaintainedBy":"MOA","OwnedBy":"MOA","POINT_X":-149.89109019,"POINT_Y":61.20607778,"PUBDATE":"Sun, 26 Apr 2026 00:00:00 GMT"}},{"type":"Feature","id":292,"geometry":{"type":"Point","coordinates":[-149.825814899306,61.1992542833013]},"properties":{"OBJECTID":292,"MarkerLocation":"Chester Cr ST","EmergencyLocatorID":null,"Milepost":null,"Kilometers":null,"PostType":"STASpecific","Sponsor":null,"InstallYear":2019,"MaintainedBy":"MOA","OwnedBy":"MOA","POINT_X":-149.82579185,"POINT_Y":61.19925259,"PUBDATE":"Sun, 26 Apr 2026 00:00:00 GMT"}}]}